id,domain,status,purchase_price,renewal_price,attractiveness,demand,length,registrar,created_at,expires_at,status_verified_at
9fbf00b2-30e3-4a1b-8ff5-fa55a95102cf,dimensionless.shop,available,30.2,30.2,medium,low,13,cloudflare,,,02/10/2026 01:27
d0a0ec8a-d16d-4635-ba8b-161f9ee4096d,apprenticeship.shop,premium,302.5,302.5,medium,low,14,namesilo,,,02/10/2026 05:43
cc86aca7-51cb-4acb-8ea3-615d3ad5d4e8,confession.shop,premium,,,high,low,10,,,,29/09/2026 10:52
aa7577d0-151c-4827-82ad-0b33c9495beb,rostov.shop,premium,640,640,medium,low,6,namesilo,,,30/09/2026 02:44
0d7967ca-fc1d-4eda-8123-915a0bf0709a,berry.shop,premium,650,650,high,low,5,namecheap,,,23/09/2026 10:10
34c5f4ee-a1f6-459a-8e83-fc993ce767cd,aimed.shop,premium,,,medium,low,5,,,,29/09/2026 10:43
9370e35e-485c-49bb-97b3-d778781e78bc,fittest.shop,available,2.99,38.99,medium,low,7,namesilo,,,18/09/2026 04:12
1506a95a-b675-4eb3-85ce-a13424aa153b,taint.shop,premium,302.5,302.5,medium,low,5,namesilo,,,24/09/2026 17:39
fa6eaab0-0fad-4b19-a1c3-5a51bfeb382d,asbestos.shop,premium,302.5,302.5,high,low,8,namesilo,,,20/09/2026 12:54
1ab8dbcf-75f8-4bca-993e-fb42c4e11c03,malik.shop,premium,640,640,high,low,5,namesilo,,,29/09/2026 13:22
dc587514-3c1c-471b-8360-93308ae198bf,persecuted.shop,available,0.9,31.25,low,low,10,spaceship,,,30/09/2026 06:36
848282d9-623d-49ea-8f3b-cd2cd8c63d56,winterhaven.shop,premium,140,140,medium,low,12,namecheap,,,
80e96e10-34bf-4099-b2dc-583d1ffdb8e5,calgary.shop,premium,1107,1107,high,low,7,namesilo,,,24/09/2026 11:43
c129553e-426d-4c7a-b126-ffc853f1de4e,freight.shop,premium,640,640,high,low,7,namesilo,,,01/10/2026 16:25
9554f930-4a99-4697-84a0-634d9bf25333,these.shop,premium,550,550,medium,low,5,dynadot,,,01/10/2026 01:31
7605acf1-33a0-4624-9851-e2e86bf06fd2,anagoge.shop,available,2.99,38.99,low,low,7,namesilo,,,19/09/2026 01:27
b68bb57a-0b03-4604-b326-99edf4aa9597,rooftop.shop,premium,,,high,low,7,,,,29/09/2026 20:13
2dbfe373-897c-4272-9a81-fe916ab5c48c,rosedale.shop,premium,258.95,258.95,medium,low,8,spaceship,,,02/10/2026 01:06
10f7ed5a-c06d-436a-b131-7dab22ef5b01,nun.shop,premium,2070.2,31.25,high,low,3,spaceship,,,29/09/2026 11:00
262e91fc-53f7-4ead-88e3-299897fa7862,murad.shop,premium,768,35.4,high,low,5,namesilo,,,30/09/2026 05:11
ca753a49-a82c-4385-9843-ec1212378c88,ropes.shop,premium,700,700,medium,low,5,namecheap,,,
e222f9b5-133a-4911-8093-c595b370cc4f,edson.shop,resell,,,medium,low,5,,,,30/09/2026 05:36
fb17dd95-b13a-40ac-8349-532892eca04f,energiser.shop,available,2.99,38.99,medium,low,9,namesilo,,,19/09/2026 09:08
99af3f22-8e5c-4f80-ad84-7d4d0ae5c2b5,transparency.shop,resell,,,high,low,12,"Spaceship, Inc.",06/10/2025 18:18,06/10/2026 23:59,
11dbba23-c5ae-4918-b4b6-bc785bd05151,anglian.shop,available,0.98,48.98,medium,low,7,namecheap,,,19/09/2026 06:48
c532811a-2dbf-4f9c-924a-96ba8c211a59,allayer.shop,available,2.99,38.99,medium,low,7,namesilo,,,18/09/2026 09:59
1cb8904d-dc1c-4b9a-9d5e-22c557ecd542,adiposity.shop,available,2.99,38.99,medium,low,9,namesilo,,,17/09/2026 08:19
30592e22-54b5-4ed3-b44b-a27f74c2f64e,cherry.shop,premium,6900,6900,high,low,6,namesilo,,,22/09/2026 22:25
ed126f1c-bc7c-4158-a203-5b50f72357b8,antigram.shop,available,0.98,48.98,low,low,8,namecheap,,,19/09/2026 14:31
51e229f0-dce6-459f-846a-7298fe974c3d,sang.shop,premium,2600,39,high,low,4,namecheap,,,18/09/2026 20:03
b8f67e4f-be8f-426f-a21b-3fac5ba2b02b,formosa.shop,premium,517.7,517.7,medium,low,7,spaceship,,,28/09/2026 05:46
eef6ec11-16d1-4af7-9009-68495d61c60d,stabilize.shop,available,0.9,31.25,high,low,9,spaceship,,,30/09/2026 03:14
afa05f0e-e0bd-4951-847c-5ee7ae243c84,inventory.shop,premium,517.7,517.7,high,low,9,spaceship,,,01/10/2026 16:19
f4ded6c0-633a-4c66-a935-d8370015ea57,tokyo.shop,premium,6900,6900,high,low,5,namesilo,,,24/09/2026 12:18
cc4e6479-f405-4a31-b686-e7927fccdad2,thunderstorm.shop,resell,,,high,low,12,,,,01/10/2026 22:23
bb87bf8b-a082-4c89-a08c-63b57a0ff828,chore.shop,premium,650,650,high,low,5,namecheap,,,29/09/2026 09:00
5c054a47-4615-400e-8a6b-52489af1b8ae,appanage.shop,available,2.99,38.99,medium,low,8,namesilo,,,19/09/2026 16:11
ae551a6a-6ee3-45d4-a1d3-acc887cd6a13,staffing.shop,premium,302.5,302.5,high,low,8,namesilo,,,02/10/2026 05:41
df19d951-92d1-4291-93f0-271da1f45e25,weather.shop,premium,13800,13800,high,medium,7,namesilo,,,23/09/2026 02:29
04f7c9e2-ecd5-42c4-b5df-0cf7e3c78985,allotropic.shop,available,48.98,,medium,low,10,namecheap,,,
beb4fda4-76a0-4768-bab8-15399475d310,planting.shop,premium,517.7,517.7,high,low,8,spaceship,,,28/09/2026 20:12
16a3a819-0066-466b-ab3e-6a74d8a7555a,biophysics.shop,available,0.98,48.98,high,low,10,namecheap,,,23/09/2026 18:50
437e6ecd-74d6-4fb3-b9f9-ed7cd8fdc489,ranks.shop,premium,517.7,517.7,medium,low,5,spaceship,,,28/09/2026 17:38
32cd38f2-4e69-4f00-916b-422ac89d3045,harrisburg.shop,premium,325,325,medium,low,10,namecheap,,,25/09/2026 22:04
d1a6eb4b-49f1-49e3-bfe5-906ee06ef19e,rent.shop,premium,13000,13000,high,low,4,namecheap,,,24/09/2026 13:47
31afbbaa-2f34-4766-a593-80d44e929e9f,vocation.shop,premium,517.7,517.7,high,low,8,spaceship,,,30/09/2026 16:34
e7fb1645-ee7c-465c-8ed3-a80de95bec0b,ymca.shop,premium,1107,1107,high,low,4,namesilo,,,01/10/2026 22:15
a1f57f09-67d7-4665-967d-ed4200e6110c,wealthy.shop,premium,1300,1300,high,low,7,namecheap,,,21/09/2026 21:57
814eca6f-4a7f-42a1-a63f-a2771ba0ce9a,apar.shop,premium,116,116,medium,low,4,namesilo,,,19/09/2026 16:14
2238fde4-9e13-4d77-84ac-03fba49ae032,checking.shop,premium,768,35.4,high,low,8,namesilo,,,25/09/2026 12:11
dd62adee-e5b7-4b66-90a1-0086195756a7,nagano.shop,premium,273.44,273.44,medium,low,6,porkbun,,,30/09/2026 18:06
8daff51e-0e9e-4a07-b226-f1dfa66ae3fc,metamorphism.shop,available,0.9,31.25,medium,low,12,spaceship,,,30/09/2026 23:25
4e375629-6751-4ae0-add2-81cde0035cb9,amory.shop,premium,517.7,517.7,medium,low,5,spaceship,,,02/10/2026 00:25
0cb87e74-040a-40ae-9d14-0fda14464cf2,morton.shop,premium,640,640,high,low,6,namesilo,,,25/09/2026 05:58
65f82ae0-f3d4-4656-ad12-00067c919ed0,bioethics.shop,resell,,,high,low,9,,,,23/09/2026 17:56
d438e5cd-cbf6-4b88-bae4-0b262b8467f9,snatched.shop,resell,,,medium,low,8,,,,29/09/2026 21:12
07126b40-bf7a-4ce4-8c88-d61aa0c66db5,alexia.shop,premium,640,640,medium,low,6,namesilo,,,18/09/2026 06:04
83b9d85d-c855-400d-9acf-3fa40f2dbdf7,zuckerman.shop,available,2.99,38.99,medium,low,9,namesilo,,,02/10/2026 00:34
d54532e7-9bc6-4a07-b642-7a90dec96993,asm.shop,premium,2070.2,31.25,high,low,3,spaceship,,,30/09/2026 06:15
97b4ec57-d1ed-4a31-8d4b-066eb95c383d,guangxi.shop,premium,110,110,medium,low,7,dynadot,,,30/09/2026 21:15
49e5e2c5-4e7e-4013-bc1c-e948aa2ee163,afloat.shop,premium,768,35.4,high,low,6,namesilo,,,01/10/2026 01:51
5bd2f425-5163-4639-aec2-340f429ea1d4,wear.shop,premium,1107,1107,high,low,4,namesilo,,,27/09/2026 08:43
10352159-8994-48b4-b9be-e8c58601d1d8,pebble.shop,premium,,,high,low,6,,,,30/09/2026 02:28
e037c6b6-376f-410e-a910-cc9372309e3f,cinema.shop,premium,1107,1107,high,low,6,namesilo,,,01/10/2026 03:10
a5a720d1-fb58-459d-b1a9-054face9e19e,practiced.shop,available,0.9,31.25,high,low,9,spaceship,,,29/09/2026 02:32
72872980-072d-400a-a463-093dca14df1a,axseed.shop,available,2.99,38.99,medium,low,6,namesilo,,,21/09/2026 10:31
6a82cd9d-4309-40a2-a4dd-cbb2839befff,inconvenient.shop,available,0.9,31.25,high,low,12,spaceship,,,01/10/2026 05:50
0be8b6d2-139d-4008-9a66-7c8f39fe865b,hobson.shop,premium,517.7,517.7,medium,low,6,spaceship,,,28/09/2026 12:14
7b59f6d6-4ede-4c26-987b-6af5016888f1,highlands.shop,premium,640,640,high,low,9,namesilo,,,30/09/2026 10:07
980f4af2-15a6-49d9-8f96-8c659ac08933,scrub.shop,premium,3450,3450,high,low,5,namesilo,,,27/09/2026 18:50
a895330c-3163-4c91-8f9b-13443f420668,puzzlement.shop,available,2.99,38.99,medium,low,10,namesilo,,,21/09/2026 17:39
4bc07e40-a37b-42e2-acca-e4d3fa7aa7c6,norms.shop,resell,,,low,low,5,Dynadot Inc.,12/04/2026 00:48,12/04/2027 23:59,
97c0d61f-e2f3-4d3d-a990-684a9c459241,turgot.shop,available,2.99,38.99,medium,low,6,namesilo,,,19/09/2026 10:21
f5b9c0ad-c0eb-4bd2-8ee4-79998f2afdf7,louise.shop,premium,6900,6900,medium,low,6,namesilo,,,25/09/2026 13:47
1cd8b727-5724-4cf3-9501-91f837c59016,sweets.shop,resell,,,high,low,6,,,,28/09/2026 05:51
c557ea3e-6504-4455-8acb-dd829247356b,sabrina.shop,premium,2587.7,2587.7,medium,low,7,spaceship,,,29/09/2026 04:05
4174b1aa-c01a-45f2-9d94-ad0e248c3457,manganese.shop,premium,302.5,302.5,medium,low,9,namesilo,,,20/09/2026 22:40
de74aaa0-b140-4c94-96b2-39e667acefe6,humor.shop,premium,1107,1107,high,low,5,namesilo,,,24/09/2026 06:28
24949060-488d-4591-b94c-d04cdba56e8b,cca.shop,premium,2600,39,high,low,3,namecheap,,,29/09/2026 03:53
adb7a1b1-3e60-44e0-ade1-52ebb1679c83,kemp.shop,premium,517.7,517.7,medium,low,4,spaceship,,,29/09/2026 02:56
94612d55-e67c-44d4-a9a3-ca0cfd17a53c,penelope.shop,premium,2600,39,medium,low,8,namecheap,,,29/09/2026 19:00
13654724-849c-42ac-981b-d4ff0145665c,likely.shop,premium,2600,39,high,low,6,namecheap,,,25/09/2026 13:46
980f6953-18e9-4473-bdd7-22ec1ffc1fda,gladys.shop,premium,640,640,medium,low,6,namesilo,,,26/09/2026 03:41
92703a3e-e467-4f0d-8150-5b7ee5c6ea32,afrikaner.shop,available,0.98,48.98,medium,low,9,namecheap,,,
83c62c8e-39a8-410b-92d6-84aabd088c2f,etiology.shop,available,0.98,48.98,medium,low,8,namecheap,,,17/09/2026 13:48
ea4827d7-fc3f-43f5-94d7-a9676ca2ed8f,delivery.shop,premium,517.7,517.7,high,low,8,spaceship,,,29/09/2026 04:21
014f8a12-21c8-4882-be04-2cec9589a0b4,halab.shop,available,0.98,48.98,medium,low,5,namecheap,,,18/09/2026 05:12
9842959d-2d3f-4347-8dcf-750d8c7b1ecc,shark.shop,premium,1107,1107,high,low,5,namesilo,,,25/09/2026 10:40
64eda564-ee2b-45d9-aed5-e05e93c8c8a4,remove.shop,premium,2500,59.99,high,low,6,name.com,,,21/09/2026 14:40
a87e7345-e044-4aa0-8d8f-c90c8c5b042f,adjective.shop,available,2.99,59.99,high,low,9,name.com,,,
37e5f9d6-8990-4352-b477-3089b2ad17d9,grades.shop,premium,640,640,high,low,6,namesilo,,,27/09/2026 11:23
dd92a551-eee2-45ff-b002-0f311bb8f789,unpaid.shop,available,0.98,48.98,medium,low,6,namecheap,,,
a0a78fbc-c7ec-47a2-a4e6-3c23c7fc7c7c,nara.shop,premium,640,640,medium,low,4,namesilo,,,28/09/2026 06:27
9416982a-06d7-4b77-b10f-38e418b3e6b1,aditya.shop,resell,,,high,low,6,,,,17/09/2026 08:23
f29106cd-ddf5-43b4-8061-afbfafc9937f,inquire.shop,premium,258.95,258.95,high,low,7,spaceship,,,30/09/2026 19:07
38c8c6c7-3ede-4a91-badf-d15fc847182e,constraints.shop,available,2.99,38.99,low,low,11,namesilo,,,20/09/2026 23:49
c901f685-9659-4640-8f94-3f000fa525c3,goldwyn.shop,available,0.9,31.25,medium,low,7,spaceship,,,30/09/2026 17:29
68ef047b-ea2b-492a-82b2-28158a738010,tremendously.shop,available,0.9,31.25,medium,low,12,spaceship,,,30/09/2026 19:57
cb7cdaa8-219f-4530-9c6f-b1a16988d1d4,sweetness.shop,premium,621.2,31.25,high,low,9,spaceship,,,29/09/2026 00:59
ebd05ce6-a462-430b-b4a0-c1a107cd5fd1,middlesbrough.shop,premium,302.5,302.5,medium,low,13,namesilo,,,01/10/2026 08:11
5f294623-f506-48ca-a46a-6f128fd88c5e,southwark.shop,available,30.2,30.2,medium,low,9,cloudflare,,,29/09/2026 09:21
a9b8f295-ef38-4571-bbb9-812f86960194,goats.shop,premium,780,39,medium,low,5,namecheap,,,29/09/2026 04:56
00b17517-5e86-464b-b680-58c0ded4fe05,prefect.shop,premium,302.5,302.5,high,low,7,namesilo,,,02/10/2026 06:08
9f345a34-1623-4471-a084-6e0a51643efd,beings.shop,premium,640,640,medium,low,6,namesilo,,,27/09/2026 02:57
1d7f70aa-e9f4-4a14-90e6-5f2a6cc0074b,exports.shop,premium,1107,1107,medium,low,7,namesilo,,,02/10/2026 02:53
fbdd8848-047c-433a-beb9-cfa1a0c652f1,communicate.shop,premium,6250,,high,low,11,name.com,,,01/10/2026 02:22
90733ade-6262-4714-aa59-a5879b019023,shovel.shop,resell,,,high,low,6,,,,28/09/2026 15:04
a88e0057-c2a9-4941-9ab7-94d46130e364,attica.shop,premium,650,650,medium,low,6,namecheap,,,21/09/2026 01:42
38ecb12f-5dd3-4eed-98a1-86d26a379c6d,bitch.shop,premium,13800,13800,high,low,5,namesilo,,,23/09/2026 00:22
4eecc10c-1ebf-4dba-a3b1-fbf1e0940ca1,fatigue.shop,premium,302.5,302.5,high,low,7,namesilo,,,25/09/2026 11:36
ba7a9921-d113-4721-a351-13a12e0debf3,thanksgiving.shop,premium,640,640,high,low,12,namesilo,,,16/09/2026 10:18
6e6786a5-1582-4599-bb75-88f0b6775a45,alabaman.shop,available,2.99,38.99,medium,low,8,namesilo,,,18/09/2026 01:35
ce3e66ac-c5c6-4f41-b748-4d41bf9845cd,jaime.shop,premium,550,550,high,low,5,dynadot,,,28/09/2026 04:40
66bc6da5-9e3c-4cb2-8096-e3d2662a875a,salmon.shop,premium,640,640,high,low,6,namesilo,,,27/09/2026 03:51
613b0d8a-e126-419a-b380-d5c86e83712e,adipose.shop,available,0.98,48.98,medium,low,7,namecheap,,,
6bccaa34-50b0-408e-8927-30f1efdbcff1,messina.shop,premium,640,640,medium,low,7,namesilo,,,28/09/2026 14:51
3f022ddf-abb4-4113-87a8-224a0adb61a6,joining.shop,resell,,,high,low,7,,,,25/09/2026 23:20
3b4d763e-3d79-4d7e-b896-7253b2ed63d4,tierce.shop,premium,116,116,medium,low,6,namesilo,,,
56cc9ac0-ef7e-4362-986c-c1b474622191,not.shop,premium,3125,,high,medium,3,name.com,,,28/09/2026 16:24
6203dedd-a01a-4f82-bb75-c46e89416939,feng.shop,premium,640,640,medium,low,4,namesilo,,,27/09/2026 06:56
a990576a-932e-4bf2-952f-858367cd02c6,robber.shop,premium,302.5,302.5,medium,low,6,namesilo,,,28/09/2026 10:50
6019c270-9dec-4c65-b8d5-3ca2b8a17b90,filming.shop,premium,640,640,high,low,7,namesilo,,,29/09/2026 09:15
67588ddb-087b-458d-b28f-2119026e0785,trebuchet.shop,resell,,,medium,low,9,,,,20/09/2026 00:39
b7ff8ce6-1294-4ed8-ade7-6932c340a0cb,fractions.shop,premium,640,640,medium,low,9,namesilo,,,20/09/2026 01:27
b831d63c-95a9-4bc9-98f8-b91b76a516b4,dehydration.shop,available,0.98,48.98,medium,low,11,namecheap,,,30/09/2026 23:19
b5332538-443f-4c50-bb4d-a754df250350,nuts.shop,premium,650,650,high,low,4,namecheap,,,22/09/2026 08:20
91d477c3-6d92-478e-9a41-0b3fd5c099e7,inquiry.shop,premium,1107,1107,high,low,7,namesilo,,,29/09/2026 00:48
50cfcb8c-56a9-4049-a6da-f741a2103f04,lichens.shop,available,2.99,38.99,low,low,7,namesilo,,,29/09/2026 05:48
0fdbb582-f5e8-4fed-9e20-d921b9778dce,propose.shop,premium,640,640,high,low,7,namesilo,,,30/09/2026 08:54
46194068-1ecb-41e7-841f-8b83916afa49,gene.shop,resell,,,high,low,4,,,,29/09/2026 09:24
7471ff39-60d0-44f6-839c-2050d175a541,canceled.shop,available,2.99,38.99,medium,low,8,namesilo,,,27/09/2026 22:41
ccfb746d-a30d-4174-a97b-17b7c354e342,materials.shop,premium,650,650,medium,low,9,namecheap,,,28/09/2026 12:42
850fac44-8c9f-4aaa-a650-2ab85d0a3688,bangle.shop,premium,768,35.4,high,low,6,namesilo,,,22/09/2026 01:57
fc44ffd7-d454-4817-a30b-f6ac4e2158d0,position.shop,premium,2660,35.4,high,low,8,namesilo,,,19/09/2026 04:25
9595a9cd-a98f-429f-a6bb-f3b8d69b0e2c,toklas.shop,available,2.99,59.99,medium,low,6,name.com,,,18/09/2026 07:28
fa30212a-e595-496b-ba0a-ae8362e40850,nihilistic.shop,available,0.98,48.98,low,low,10,namecheap,,,03/09/2026 17:24
1618f81f-9c0e-424c-948a-f254725aaf8b,resisted.shop,available,2.99,38.99,low,low,8,namesilo,,,29/09/2026 16:36
e58b1bdb-7621-48b9-802a-d9a5cc0f37d4,volary.shop,available,2.99,38.99,medium,low,6,namesilo,,,21/09/2026 09:24
42861d8f-6fe1-4bb5-9dfa-61bcc96c8a97,cristo.shop,resell,,,medium,low,6,,,,29/09/2026 11:33
d40712d9-51b2-4e95-b4a2-83270dd3c85c,plunder.shop,premium,302.5,302.5,high,low,7,namesilo,,,01/10/2026 18:45
9c0f273f-0a4a-4f80-adee-555c0f60aeef,electrician.shop,premium,5175.2,5175.2,high,low,11,spaceship,,,30/09/2026 04:08
35ca8bf5-8b91-4e94-a43e-5da6639019be,idol.shop,premium,1107,1107,high,low,4,namesilo,,,22/09/2026 22:03
33941673-f50d-4318-b38f-902078584f86,media.shop,premium,1400,1400,high,medium,5,namecheap,,,
15a5acd2-05de-4091-9922-6b2232bda8a5,steriliser.shop,available,2.99,38.99,medium,low,10,namesilo,,,21/09/2026 06:06
e65fafd5-da52-4c66-aef7-7c2d67af4eab,aidan.shop,premium,650,650,medium,low,5,namecheap,,,29/09/2026 15:22
471dfa63-51a9-4cad-8805-db7ddaee93eb,wishes.shop,premium,780,39,medium,low,6,namecheap,,,25/09/2026 20:13
f4ee9dda-6e45-4d04-ac7d-42b4bba35cd0,ela.shop,premium,2070.2,31.25,high,low,3,spaceship,,,01/10/2026 19:19
fb4c42a5-98f5-4b6b-9e69-bd8a9819e557,addled.shop,available,0.98,48.98,medium,low,6,namecheap,,,
f8516e8c-31fd-4e77-9b58-b5f8a3fdabdc,nightmares.shop,premium,,,low,low,10,,,,29/09/2026 00:01
ea99502e-9d33-47e6-84b1-0d9be0a863fc,lina.shop,premium,640,640,medium,low,4,namesilo,,,01/10/2026 08:57
5f6dcc9d-dd18-471e-be36-6e319242d40e,disaster.shop,premium,2660,35.4,medium,low,8,namesilo,,,24/09/2026 11:38
8c63dbef-6e09-4d54-a615-a51a078dcb7c,foxes.shop,premium,640,640,medium,low,5,namesilo,,,30/09/2026 14:38
18e7a6d0-5ec3-44b2-b186-d3aa8d5be526,ost.shop,premium,2200,32.32,high,low,3,dynadot,,,29/09/2026 03:13
40a5be35-6132-4df7-9b39-258bccbbcb92,bedsore.shop,available,2.99,38.99,medium,low,7,namesilo,,,22/09/2026 23:40
d8b826d6-21c9-400e-9777-4757729b09b5,salzburg.shop,premium,546.35,546.35,high,low,8,porkbun,,,28/09/2026 03:02
4003937c-e551-447b-8c92-e93a90c3be5d,spreadsheet.shop,premium,1300,1300,high,low,11,namecheap,,,01/10/2026 23:36
76d5dc68-e685-4bed-a6e7-fd72d3c3aa02,albright.shop,resell,,,medium,low,8,,,,28/09/2026 12:24
57d8721e-56b7-46ec-aea6-a7e8bfe718b4,impossible.shop,premium,1107,1107,high,medium,10,namesilo,,,25/09/2026 07:55
0e13fe97-5100-441a-acc9-af987d1b7755,astounding.shop,available,2.99,38.99,high,low,10,namesilo,,,22/09/2026 10:29
85e2b7da-b6a6-48ac-83f0-d56f31f30e80,minute.shop,premium,1107,1107,high,low,6,namesilo,,,25/09/2026 09:28
0bbde1b7-ba86-42c3-a53f-b5bcb776bca2,macro.shop,premium,2600,39,high,low,5,namecheap,,,25/09/2026 15:59
43e6f554-fd43-4ddb-92f4-b9a8cccbe55a,dances.shop,premium,2500,,medium,low,6,name.com,,,
6ac29328-0874-4b83-aa3e-23e50da853e2,activities.shop,premium,640,640,medium,low,10,namesilo,,,27/09/2026 22:27
b049c09e-8372-45b4-90ae-bf32ac3cc424,shares.shop,premium,1250,,medium,low,6,name.com,,,
59eef031-c8c3-44c9-8f96-950bf802e1a7,fdr.shop,premium,2070.2,31.25,high,low,3,spaceship,,,29/09/2026 18:52
1c710180-f392-4e4b-bc25-c2cef521805f,casualties.shop,available,30.2,30.2,low,low,10,cloudflare,,,27/09/2026 21:53
d971d7c8-03a0-41f3-b4f3-49b5038d9951,adventitia.shop,available,2.99,38.99,medium,low,10,namesilo,,,17/09/2026 10:36
7b888ec4-7c11-48f7-83bc-49ecbfbe14cd,javascript.shop,premium,550,550,high,high,10,dynadot,,,28/09/2026 21:23
96f5b49c-7b9b-4e5d-bfb2-a7fd611fb6ee,ketchup.shop,premium,640,640,high,low,7,namesilo,,,24/09/2026 13:10
ddb7cdda-711f-4973-be3c-57263afc3c39,basinet.shop,available,2.99,38.99,medium,low,7,namesilo,,,22/09/2026 10:57
aaae9769-d65c-413a-9456-494ff8727d54,humphrey.shop,premium,650,650,medium,low,8,namecheap,,,25/09/2026 14:49
1185f98a-8b63-4a8d-9321-7e6f299e3a17,rally.shop,premium,3250,3250,high,medium,5,namecheap,,,21/09/2026 19:55
a89ee85e-21fb-46af-9610-6768cbc8a939,clancy.shop,resell,,,medium,low,6,,,,28/09/2026 21:20
a0d9a072-f19f-4e48-9460-abbc369dab6e,conditioned.shop,available,0.9,31.25,medium,low,11,spaceship,,,29/09/2026 22:53
74d05087-b90b-4502-b54d-c5c32530b213,snr.shop,premium,2600,39,high,low,3,namecheap,,,30/09/2026 12:29
96982752-38fc-492d-9a7a-203af03417bc,bassine.shop,available,2.99,38.99,medium,low,7,namesilo,,,22/09/2026 12:22
52b3c417-d90a-43c2-90c7-83429df32e6d,sleeps.shop,premium,640,640,medium,low,6,namesilo,,,28/09/2026 13:22
6b741107-2f0e-4f67-85a6-8035594fad0d,circulation.shop,resell,,,medium,low,11,,,,28/09/2026 08:15
8dfe31d9-fc65-44fd-baa2-bc0add76f1e9,where.shop,premium,640,640,high,low,5,namesilo,,,30/09/2026 22:56
1a18bde8-67d3-4a1b-af58-d363be44d75e,uphold.shop,premium,258.95,258.95,high,low,6,spaceship,,,28/09/2026 20:14
b305b6cb-61b2-42c7-83dd-cd284533d096,leading.shop,premium,1107,1107,high,low,7,namesilo,,,28/09/2026 23:25
da71c267-c0f5-41ef-a41e-2b7d07964927,softball.shop,premium,1035.2,1035.2,high,low,8,spaceship,,,29/09/2026 01:51
f478a7f7-4a91-49d9-83f2-ecb1246ab373,alden.shop,resell,,,medium,low,5,,,,30/09/2026 13:53
b42870fe-95c2-4e10-9970-81e61c3ab8b2,alb.shop,premium,2660,35.4,high,low,3,namesilo,,,18/09/2026 02:20
d08ef50c-6c7b-4934-a604-6f3c67767f7d,belloc.shop,available,0.98,48.98,medium,low,6,namecheap,,,23/09/2026 06:16
e6e9408e-21aa-4da5-b725-9db219413810,circling.shop,available,2.99,38.99,medium,low,8,namesilo,,,30/09/2026 07:20
6125a51d-3827-46fa-a8d9-62f348c89a00,accompanying.shop,available,2.99,38.99,medium,low,12,namesilo,,,29/09/2026 06:23
76d5c0e9-7ffc-4af9-b300-60ded836ea6c,outsiders.shop,premium,546.35,546.35,medium,low,9,porkbun,,,30/09/2026 00:41
0016d90e-fc9b-42f2-b7d3-aa9ceefc6ece,rulers.shop,resell,,,medium,low,6,,,,02/10/2026 02:55
1d722d2a-554c-41a7-a53e-e93e0715a165,radar.shop,premium,550,550,high,medium,5,dynadot,,,30/09/2026 04:23
f7d6a5cb-ae93-43b9-8aef-86be0996de29,awaiting.shop,available,0.9,31.25,medium,low,8,spaceship,,,28/09/2026 17:49
f4663d7a-1292-4995-8486-1d65ad031d36,agora.shop,resell,,,high,medium,5,,,,17/09/2026 19:04
2f7762c6-b105-4e2e-9c4a-bb2dd55cd76e,elba.shop,premium,640,640,medium,low,4,namesilo,,,30/09/2026 13:35
9b8838f1-ae24-4004-9b6c-10e7567826c5,zanzibar.shop,premium,1107,1107,medium,low,8,namesilo,,,30/09/2026 14:48
a9f6e3c4-8084-4630-9b74-7263895f55a4,radcliffe.shop,premium,302.5,302.5,medium,low,9,namesilo,,,27/09/2026 07:53
d7bbe7d2-7850-4c99-a4dc-8d4c4074f6af,waterfall.shop,premium,273.44,273.44,high,low,9,porkbun,,,28/09/2026 20:46
62954cad-1fee-45e4-89f2-8ee04a1534be,asperity.shop,available,2.99,38.99,medium,low,8,namesilo,,,20/09/2026 14:51
a3d539d0-a960-4eb3-b02e-af3c1f820f73,rav.shop,premium,,,high,low,3,,,,30/09/2026 04:18
908a4592-5cfc-48de-8141-38dd438343fc,thallus.shop,available,30.2,30.2,medium,low,7,cloudflare,,,30/09/2026 18:57
bd2b0682-1191-4696-83ec-4d8595bd7871,table.shop,premium,,,high,low,5,,,,30/09/2026 04:19
15e62e58-5e73-49cd-ad66-0e9d98e60d42,downer.shop,available,0.98,48.98,medium,low,6,namecheap,,,14/08/2026 02:41
d830e950-5dc8-4e04-9956-521bfc159497,trios.shop,premium,2660,35.4,medium,low,5,namesilo,,,19/09/2026 22:38
8fb57200-fefc-4e16-b3b2-c96c939c5910,fingerprints.shop,resell,,,medium,low,12,,,,28/09/2026 13:26
e222e6e9-7fa8-4112-af51-f1bcd1d7f180,deadlines.shop,available,0.98,48.98,medium,low,9,namecheap,,,21/09/2026 08:50
e4c4629d-45e1-457d-94fb-fac185b8d585,rainfall.shop,resell,,,high,low,8,,,,30/09/2026 10:55
38887699-07bb-4627-ac29-b43f0a8a6387,larsson.shop,premium,517.7,517.7,medium,low,7,spaceship,,,30/09/2026 13:36
4e2b8fe0-3abb-43eb-951a-09e4131926ef,occurs.shop,available,0.98,48.98,medium,low,6,namecheap,,,28/09/2026 17:56
fb710e42-5cad-4a43-8b39-7ca7f732ed3c,farthest.shop,available,2.99,38.99,medium,low,8,namesilo,,,24/09/2026 17:05
2721f0a3-41e9-43db-974b-7b3a7a1ac85f,quarterback.shop,premium,550,550,high,low,11,dynadot,,,28/09/2026 15:47
87d2310f-eb71-4a5e-9156-54949cbe9808,anthriscus.shop,available,0.98,48.98,medium,low,10,namecheap,,,19/09/2026 13:53
f4479c1c-991e-47b3-8c47-63d4606e351d,lxii.shop,available,0.98,48.98,medium,low,4,namecheap,,,
6c08f4da-db3e-40f9-abe5-681bd53e0adb,vladivostok.shop,premium,302.5,302.5,medium,low,11,namesilo,,,29/09/2026 15:13
c4fa49c3-2556-4e0d-8782-b0b6432242db,finishing.shop,resell,,,high,low,9,,,,27/09/2026 03:58
858cb42c-1acb-484d-8a27-f9fd9de76963,everyone.shop,premium,1107,1107,high,low,8,namesilo,,,30/09/2026 23:15
11af4c05-445b-44f4-988e-c7ed17918604,proclaim.shop,premium,312.5,,high,low,8,name.com,,,30/09/2026 19:20
de10ec12-3327-4ba9-b0ce-2afc665d3eca,quantico.shop,premium,,,medium,low,8,,,,01/10/2026 11:25
937bd05f-5382-46fc-9792-7593c5b22757,succeeds.shop,available,2.99,38.99,medium,low,8,namesilo,,,30/09/2026 16:01
c79e311a-17c9-45b4-8841-59914a89966a,accommodation.shop,premium,,,high,low,13,,,,29/09/2026 10:10
aaae3068-7156-4bae-a17c-c948da2f2993,spokesman.shop,premium,258.95,258.95,high,low,9,spaceship,,,29/09/2026 08:06
94608dd2-9907-4421-9d63-d19fe2c979b8,oceania.shop,premium,2200,32.32,medium,low,7,dynadot,,,27/09/2026 15:02
9c0d2af1-ddad-4afe-926f-bf5c0eb8e082,administered.shop,available,2.99,38.99,low,low,12,namesilo,,,29/09/2026 16:19
6cff0f6c-f7cb-4111-a6e9-20e51e642b39,hollis.shop,resell,,,medium,low,6,,,,28/09/2026 07:30
76409bc2-e719-4249-a5d0-fc51128ad278,freaking.shop,available,0.9,31.25,medium,low,8,spaceship,,,01/10/2026 05:49
bc0ae2e6-564a-444d-8af8-e444d1da3717,seaside.shop,premium,2070.2,31.25,high,low,7,spaceship,,,30/09/2026 10:48
b0eae364-832c-42e0-9605-efdda0c26d76,new.shop,premium,13800,13800,high,medium,3,namesilo,,,24/09/2026 21:46
8c78cbe0-de4b-42af-b639-596f8059fa57,missionaries.shop,available,0.98,48.98,medium,low,12,namecheap,,,30/09/2026 15:09
2452208a-8819-47d5-a77b-7e663c2713a1,abls.shop,available,2.99,38.99,medium,low,4,namesilo,,,16/09/2026 16:13
f246e5df-abfa-4d91-ab6d-2704287bc3d1,sca.shop,premium,,,high,low,3,,,,30/09/2026 20:27
b25ebc0b-57fe-4f70-81db-86289ee1d3cd,nursing.shop,premium,517.7,517.7,high,low,7,spaceship,,,27/09/2026 11:56
0d7c490b-7fbb-46ee-a6d9-b45494856a25,langley.shop,premium,,,high,low,7,,,,28/09/2026 14:40
aef9aa62-cecb-4b44-9c3d-1922f8abecff,queensland.shop,premium,625,625,high,low,10,name.com,,,25/09/2026 10:12
9729c368-a11d-4287-9f0c-79a3d3fc69d9,jewish.shop,premium,1250,1250,high,low,6,name.com,,,25/09/2026 11:48
e33e4f50-8350-4d33-99db-8f71be810078,rehearse.shop,available,2.99,38.99,high,low,8,namesilo,,,01/10/2026 04:23
2311fa09-dadc-48ba-b8e1-99b61a887337,snatcher.shop,available,2.99,38.99,medium,low,8,namesilo,,,16/09/2026 14:55
d5fb2519-ec24-4069-8e29-9f92af2745af,himself.shop,premium,546.35,546.35,medium,low,7,porkbun,,,01/10/2026 11:26
b20bb171-9a95-4fe0-a3f4-553900d91a97,violating.shop,available,2.99,38.99,low,low,9,namesilo,,,29/09/2026 05:13
cc741103-0266-4be9-ab25-0b9faf2159e6,barnstable.shop,available,2.99,38.99,medium,low,10,namesilo,,,01/10/2026 11:53
ef731ed1-1167-4d85-891a-bbc06a5045d6,acardia.shop,available,0.98,48.98,medium,low,7,namecheap,,,16/09/2026 21:17
14e41eb9-ba79-44b4-b50b-a03734ef2b0a,persia.shop,premium,650,650,high,low,6,namecheap,,,01/10/2026 02:42
d7cb0e06-cc3e-4ae8-bf97-b70ce0991c31,retrieve.shop,premium,258.95,258.95,high,low,8,spaceship,,,30/09/2026 09:11
dade6716-5230-4ac8-8827-a4886595fd87,condolences.shop,available,0.9,31.25,medium,low,11,spaceship,,,01/10/2026 09:43
a42fac35-5009-4618-a0c0-e38ec003824a,cumberland.shop,premium,302.5,302.5,high,high,10,namesilo,,,30/09/2026 16:31
e8f6646c-4b6b-4d75-9f25-0f18f3b9bbdc,goose.shop,premium,2660,35.4,high,medium,5,namesilo,,,24/09/2026 07:50
1268eaef-0879-41fc-a177-9a4d526e3c8b,mainstream.shop,premium,1035.2,1035.2,high,low,10,spaceship,,,29/09/2026 01:38
6a520c97-569c-4f7d-b15a-cb61676d0725,deuce.shop,premium,640,640,medium,low,5,namesilo,,,21/09/2026 12:17
729cd3e0-18b1-4b27-99fa-ca28e83ecc21,macleish.shop,available,2.99,38.99,medium,low,8,namesilo,,,20/09/2026 02:03
f338e5b1-7460-4a1c-b821-05da68541e14,apparel.shop,premium,2587.7,2587.7,high,low,7,spaceship,,,28/09/2026 21:48
8a404ff2-2c3c-48d6-bdc7-44c48bb43c0a,darts.shop,premium,1035.2,1035.2,high,low,5,spaceship,,,29/09/2026 06:31
5c94385c-6cbc-4b1c-b895-fa186af99efc,hit.shop,premium,1107,1107,high,high,3,namesilo,,,26/09/2026 00:03
47572e32-7684-4113-be59-ed9f8c7585e5,reinforced.shop,available,0.98,48.98,high,low,10,namecheap,,,23/09/2026 10:25
e0374c41-6a75-4b8b-a377-aa29e426b414,vertical.shop,premium,2600,39,high,low,8,namecheap,,,24/09/2026 14:52
2aac547c-9148-4b4d-bf03-9d5a2bbdd131,keeps.shop,premium,650,650,high,low,5,namecheap,,,25/09/2026 19:06
c05a7042-eb5c-4409-a19e-0ccca4ccdae7,youth.shop,premium,1250,,high,low,5,name.com,,,29/09/2026 17:26
e40b481f-2e60-4dc3-8a5e-c26ab96c4beb,checklist.shop,premium,517.7,517.7,high,low,9,spaceship,,,29/09/2026 08:35
71c789b6-9453-43a1-97d0-8f3ace07791c,total.shop,premium,6900,6900,high,medium,5,namesilo,,,21/09/2026 22:55
e1abcd15-ab0d-45dc-8d2f-8cd6010dd9f2,ministers.shop,premium,,,medium,low,9,,,,29/09/2026 17:05
8ad89fd8-eedc-4352-b05a-204a3aa0e638,deprivation.shop,available,30.2,30.2,medium,low,11,cloudflare,,,30/09/2026 05:47
f90a874a-e73e-4fce-8938-27343252789a,discipline.shop,resell,,,high,low,10,,,,19/09/2026 11:34
0de15069-9eb9-435d-8dba-35f4ad17c258,gayal.shop,available,2.99,38.99,medium,low,5,namesilo,,,23/09/2026 13:03
ed763e9a-119e-4f4e-9f20-51ee1911334b,occupying.shop,available,2.99,38.99,low,low,9,namesilo,,,30/09/2026 23:24
5e600c30-392f-4828-99d8-62cc739aba38,gramme.shop,available,0.9,31.25,medium,low,6,spaceship,,,29/09/2026 20:16
f9e81984-d215-40c6-b035-a3d6f7e2439b,colosseum.shop,resell,,,high,low,9,,,,18/09/2026 23:29
ad9e1dbb-267d-4ce9-8685-d24bfd90ceb5,parties.shop,premium,640,640,medium,low,7,namesilo,,,17/09/2026 10:18
ecca61b7-413f-420d-8e74-2fc5b531135f,geek.shop,premium,1107,1107,high,low,4,namesilo,,,24/09/2026 13:18
b33b06a4-e741-4c7b-9d1a-c777176f63a1,green.shop,premium,10350.2,10350.2,high,medium,5,spaceship,,,30/09/2026 17:32
b5e59a03-ab36-41af-92d2-28389d833204,envy.shop,premium,640,640,high,low,4,namesilo,,,28/09/2026 05:36
4de20953-f192-4f72-b6a2-d635ae1bf194,tin.shop,premium,2200,32.32,high,low,3,dynadot,,,28/09/2026 23:00
5fa703bb-ee3a-4ebe-87fb-82e13328db0b,que.shop,premium,2660,35.4,medium,low,3,namesilo,,,28/09/2026 07:40
16573bef-ccf2-4fa4-9271-a3ce25597db8,performer.shop,premium,640,640,high,low,9,namesilo,,,28/09/2026 15:03
424ad7b4-ac9c-4446-8972-63a24b0a7ca2,blt.shop,premium,2660,35.4,high,low,3,namesilo,,,21/09/2026 16:25
e675ba31-159b-48b4-af95-d7047ada5965,idealistic.shop,available,0.98,48.98,medium,low,10,namecheap,,,17/08/2026 15:48
e9153683-6101-4b9a-b231-47ed91fdd808,thereafter.shop,available,2.99,38.99,high,low,10,namesilo,,,16/09/2026 08:38
9fb5c775-2320-43cb-bf4c-3a583344d643,ham.shop,premium,1300,1300,high,low,3,namecheap,,,29/09/2026 20:34
fac29ae0-e971-4f34-9f5b-60dad4ade717,deportation.shop,available,2.99,38.99,medium,low,11,namesilo,,,29/09/2026 23:26
1e374a3b-6dd4-494d-b258-37c89ad1edc7,exceeded.shop,available,1.99,32.32,low,low,8,dynadot,,,30/09/2026 00:20
b234c48c-dee5-484c-80a6-b9ebb2fa96dc,falstaff.shop,resell,,,medium,low,8,,,,30/09/2026 09:36
2b0f5ca9-c68b-4939-a69b-0d562e7bcc83,links.shop,premium,5175.2,5175.2,high,medium,5,spaceship,,,29/09/2026 21:04
bb3ed5e9-5046-4b72-ab81-57b4c24f5bfc,tara.shop,premium,1107,1107,high,low,4,namesilo,,,28/09/2026 15:26
c25276b0-11ed-4426-9b16-c9b457b33826,opm.shop,premium,2660,35.4,medium,low,3,namesilo,,,30/09/2026 04:51
3b160594-fc3c-4664-a140-01cc7efdbbbd,quarrying.shop,available,2.99,38.99,medium,low,9,namesilo,,,02/10/2026 06:09
ec286e34-1e6f-48b7-a26a-917a0102b8f8,amenra.shop,available,0.98,48.98,medium,low,7,namecheap,,,18/09/2026 18:32
779e3c04-12f3-40aa-bd1b-2bd84abd71da,snow.shop,premium,1035.2,1035.2,high,medium,4,spaceship,,,29/09/2026 01:12
68851a98-dcb2-4226-aee8-a06d1d2b5394,rats.shop,premium,1107,1107,high,low,4,namesilo,,,01/10/2026 05:56
2c21d352-9a62-468f-856a-d3d0b6d097d4,holes.shop,premium,625,,medium,low,5,name.com,,,
ba549e7a-e80c-4f61-a3f5-8f6b3ea045a8,gunner.shop,premium,302.5,302.5,high,low,6,namesilo,,,20/09/2026 11:48
729fd93f-e0bf-414e-82c7-57a312d5b6f0,heuristics.shop,available,2.99,38.99,medium,low,10,namesilo,,,02/10/2026 02:40
180ce04b-43eb-4f80-83b5-a984f38bad53,risc.shop,premium,302.5,302.5,high,low,4,namesilo,,,02/10/2026 06:13
2d9b7596-0ce0-4eca-b76d-0d6b572c20ba,credited.shop,available,30.2,30.2,medium,low,8,cloudflare,,,01/10/2026 06:00
c889a5cb-41cf-4390-96e7-efa9558fdd29,very.shop,premium,640,640,high,low,4,namesilo,,,27/09/2026 09:52
49282984-11cb-43b4-8c4d-b53ebcfe7885,slug.shop,resell,,,high,low,4,,,,23/09/2026 13:52
75290bad-5771-4293-8cef-b03358713a6d,berries.shop,premium,1107,1107,medium,low,7,namesilo,,,19/09/2026 15:37
215a5798-cc23-48a5-9685-7ad18327aa89,tritely.shop,available,2.99,38.99,low,low,7,namesilo,,,16/09/2026 09:30
ca48486e-4bc2-45bc-bb9a-558fd0782ca2,progression.shop,premium,625,,high,low,11,name.com,,,
d459c94d-0b0b-45f4-9ee5-4d69bf9da921,handicapped.shop,available,30.2,30.2,medium,low,11,cloudflare,,,29/09/2026 03:14
5ece7bcc-8acc-4fdc-a3ca-aab4cd5caa7a,spun.shop,premium,517.7,517.7,medium,low,4,spaceship,,,29/09/2026 15:59
1e54cf2e-1c27-4a1c-afef-a4d1101952c8,lovell.shop,resell,,,medium,low,6,,,,28/09/2026 10:17
41c85f89-08e5-4505-b2a8-84ea6df7d3bf,pads.shop,premium,640,640,high,low,4,namesilo,,,20/09/2026 10:38
8904c86f-febf-4a09-8368-02cc50c182d1,palm.shop,premium,2500,,high,low,4,name.com,,,30/09/2026 02:14
e5a76cc3-b2f1-41d6-b333-298133daa58c,ginsberg.shop,available,2.99,38.99,medium,low,8,namesilo,,,18/09/2026 10:49
fc37c10b-3c4f-432e-aff4-951f0e628af9,fishes.shop,premium,1107,1107,medium,low,6,namesilo,,,17/09/2026 06:49
7a6f17be-a73b-4613-9c0e-49d821fa0b2c,worse.shop,premium,550,550,high,low,5,dynadot,,,28/09/2026 10:56
cafb58d8-01e5-4f40-a406-64f3643c2290,moran.shop,resell,,,high,low,5,,,,25/09/2026 14:09
12da11cf-8151-4702-9280-80ddc5715a86,alcahest.shop,available,2.99,38.99,medium,low,8,namesilo,,,18/09/2026 03:43
d9bfd401-5d0d-4e67-b527-594db86a429a,ensure.shop,premium,640,640,high,low,6,namesilo,,,30/09/2026 15:26
5fbef809-3035-463d-a200-26e3dcf083ae,bauxite.shop,available,2.99,38.99,medium,low,7,namesilo,,,22/09/2026 16:42
fc599c43-1383-4b0f-98f0-8d00fe09fb45,gannon.shop,resell,,,medium,low,6,,,,30/09/2026 13:54
15ccd3cf-0e79-4c53-8afd-550937f6ba08,hymns.shop,available,0.9,31.25,medium,low,5,spaceship,,,30/09/2026 15:32
d2816467-e733-4af8-bde7-a438e0ee45e1,araneus.shop,available,2.99,59.99,medium,low,7,name.com,,,20/09/2026 00:05
e17b5916-b87a-4fed-8607-eaaa93d6dbcb,fringe.shop,premium,1035.2,1035.2,high,low,6,spaceship,,,29/09/2026 01:02
9d1fdb0e-0466-4109-be2a-7c69cfde8220,emblazon.shop,available,2.99,38.99,medium,low,8,namesilo,,,24/09/2026 05:09
fbb72dae-5ce0-4181-a846-07beef9466a9,stephanie.shop,resell,,,high,low,9,,,,25/09/2026 14:12
9893a14a-c394-498b-b92f-28ad246d2052,andiron.shop,available,2.99,38.99,medium,low,7,namesilo,,,19/09/2026 04:06
a5ba1e04-ea7b-4952-9011-5a9ce7d8f11e,analyzing.shop,available,0.9,31.25,medium,low,9,spaceship,,,29/09/2026 10:50
5f824b87-03a6-4697-babc-ed9a4454dce3,davison.shop,premium,,,medium,low,7,,,,28/09/2026 04:10
1eac6012-f16b-4b8d-9b17-bee68e20e97d,glands.shop,available,30.2,30.2,low,low,6,cloudflare,,,29/09/2026 16:29
1dd9f32b-05ac-4bd4-9ad7-77a8db1bea64,maurer.shop,premium,655.52,33.27,medium,low,6,porkbun,,,30/09/2026 07:54
ef8ef870-89fb-4c56-a209-0a4a005d2566,cranberry.shop,premium,517.7,517.7,high,low,9,spaceship,,,30/09/2026 01:08
0e375eb1-94a0-4fd7-931a-89c3267f1a75,jas.shop,premium,2070.2,31.25,high,low,3,spaceship,,,30/09/2026 04:39
549cd684-bc1b-4d0e-8355-d07a3dd78540,sow.shop,premium,2660,35.4,high,low,3,namesilo,,,01/10/2026 03:46
5365161e-f449-4622-b652-a3402e0a612c,conversations.shop,premium,546.35,546.35,medium,low,13,porkbun,,,28/09/2026 08:58
6149dd24-b076-4fcd-9fdb-ff8b3ed2abab,chum.shop,premium,,,high,low,4,,,,01/10/2026 01:13
0292a218-eadb-4c5d-8212-e1999608934e,marin.shop,premium,1107,1107,high,low,5,namesilo,,,25/09/2026 15:45
4b72c018-e5a9-4ce5-86bd-ab504774c2eb,rancher.shop,premium,302.5,302.5,high,low,7,namesilo,,,02/10/2026 06:11
9b7fb20a-2f9a-405f-a132-105adaa45a4b,utmost.shop,resell,,,high,low,6,,,,24/09/2026 17:09
b43133f6-fe9e-438a-8ef5-1b7a573c4f39,greenville.shop,premium,325,325,high,low,10,namecheap,,,25/09/2026 06:42
3828edd7-87b1-4f7a-a0c7-c3cf83aeb8f4,include.shop,premium,625,625,high,low,7,name.com,,,30/09/2026 20:19
15e0ab22-5ac2-487b-a4f5-4e7a5c12cf86,steal.shop,premium,,,medium,low,5,,,,29/09/2026 05:35
48a14458-f03d-4fcc-980a-1717e5d9c258,bananas.shop,premium,1035.2,1035.2,high,low,7,spaceship,,,28/09/2026 15:58
b0c8a4b3-af04-43c0-9b1f-a4e43579dbfb,lxiii.shop,available,0.98,48.98,medium,low,5,namecheap,,,
515991ad-6d7b-45a3-9090-9e10970092c7,stationery.shop,premium,546.35,546.35,high,low,10,porkbun,,,02/10/2026 06:29
7766cc24-5f0d-4b93-8780-c3ebc5e43ed1,divides.shop,available,2.99,38.99,medium,low,7,namesilo,,,01/10/2026 17:42
e239dbbb-a300-48be-8859-15b44e40eeef,lowe.shop,premium,258.95,258.95,high,low,4,spaceship,,,29/09/2026 15:01
e1a17504-b734-4e8d-8bda-823cd9e1dd00,roswell.shop,premium,660,32.32,medium,low,7,dynadot,,,28/09/2026 15:16
bae1dbd1-77e3-487e-9e7f-e426d37de815,bamako.shop,premium,650,650,medium,low,6,namecheap,,,22/09/2026 00:34
551bc043-3f8a-497a-816d-0f21b8054680,paranoia.shop,premium,1035.2,1035.2,medium,low,8,spaceship,,,29/09/2026 19:54
df2edd85-fd0f-4602-b1a2-e167f9b3c883,lauderdale.shop,available,30.2,30.2,medium,low,10,cloudflare,,,30/09/2026 22:04
60a13ec1-c162-4d73-b3e0-acf420b8f24d,aesthesis.shop,available,2.99,38.99,low,low,9,namesilo,,,17/09/2026 13:32
b89dca29-9847-4baf-8bea-4fae676ee666,satire.shop,premium,640,640,high,low,6,namesilo,,,24/09/2026 13:17
d0fe5464-f662-4a01-926d-59452e6683e3,rodrigues.shop,resell,,,medium,low,9,,,,29/09/2026 04:31
30a84285-3a10-43f8-b2ca-a73aa8aeb873,vaughan.shop,premium,302.5,302.5,high,low,7,namesilo,,,25/09/2026 10:35
1e1432fd-ef08-4884-8a97-dad38114b7ae,baldhead.shop,available,2.99,38.99,medium,low,8,namesilo,,,21/09/2026 21:41
b867ee9b-1c66-45e4-b051-2adeb1eeb872,therapy.shop,premium,5175.2,5175.2,high,low,7,spaceship,,,01/10/2026 08:50
77d84441-a29b-4d27-acda-40772eac163b,hurdle.shop,available,30.2,30.2,medium,low,6,cloudflare,,,30/09/2026 17:39
62c88785-33cb-4530-bbe4-d51c09f937a7,expertise.shop,premium,625,,high,low,9,name.com,,,29/09/2026 18:40
963d6f61-2b03-49e9-8230-37cb8ce83c69,inmates.shop,available,0.9,31.25,low,low,7,spaceship,,,28/09/2026 18:12
6206d17f-67b0-4622-8e4e-2d208a480eea,malone.shop,premium,650,650,medium,low,6,namecheap,,,25/09/2026 05:13
b3831b52-4654-4296-87b3-62be0cbd4616,trustees.shop,premium,103.7,103.7,high,low,8,spaceship,,,29/09/2026 23:08
1d9c65a9-8b90-4289-bef0-47ea5cdd7e18,athabascan.shop,available,2.99,59.99,medium,low,10,name.com,,,20/09/2026 20:23
9b8bfb7d-b418-4fc0-a812-b20978490e27,mem.shop,premium,2070.2,31.25,high,low,3,spaceship,,,01/10/2026 20:31
5d026b91-60f7-4e59-94b2-3523bc182077,nrc.shop,premium,2660,35.4,medium,low,3,namesilo,,,28/09/2026 10:37
5f7c7ba0-7526-4e8d-a3bd-75924a3a3e98,stalker.shop,premium,517.7,517.7,high,low,7,spaceship,,,30/09/2026 02:37
d1fb5d05-cc92-4346-b470-49605a092da8,seniors.shop,premium,1035.2,1035.2,medium,low,7,spaceship,,,29/09/2026 05:13
efbc9000-a20f-4b28-a9bb-95a1258aea1c,protective.shop,resell,,,high,low,10,Dynadot Inc.,08/01/2026 02:42,08/01/2027 23:59,27/09/2026 07:44
7ff0f7fd-d0ad-4f21-bb4e-076780847d9f,placing.shop,resell,,,high,low,7,,,,28/09/2026 21:04
7cafd787-038e-42b0-a587-38d610dffa8b,staging.shop,premium,517.7,517.7,high,low,7,spaceship,,,28/09/2026 20:22
b38f4bfb-eb33-496e-8e4c-72f23b988363,conditionally.shop,available,0.9,31.25,medium,low,13,spaceship,,,29/09/2026 14:42
336da68c-974c-40f9-8bcd-823c1111aa02,healer.shop,premium,1092.18,1092.18,high,low,6,porkbun,,,30/09/2026 01:51
09f09f63-0dfc-423a-88eb-f9916c344e20,aigrette.shop,available,2.99,59.99,medium,low,8,name.com,,,17/09/2026 20:55
a1809ee5-b328-4c17-a30a-0d7309f0a379,deduct.shop,available,1.99,32.32,high,low,6,dynadot,,,02/10/2026 06:42
41ad9001-0488-45cb-aab9-fb7616e84387,salle.shop,premium,,,medium,low,5,,,,01/10/2026 05:06
e349071d-c9ca-4833-804e-9035b0b00519,armenians.shop,available,0.99,59.99,medium,low,9,godaddy,,,01/10/2026 00:36
49fd660a-3dee-49ef-9480-f463e6d3fcc7,keyboard.shop,premium,1035.2,1035.2,high,low,8,spaceship,,,28/09/2026 19:38
c4ec6bd5-b2c9-484c-8e7a-0d198e1d9004,ascot.shop,premium,780,39,high,low,5,namecheap,,,20/09/2026 13:27
dc7155f4-6c1d-4102-bfeb-377cdb17a92b,acrilan.shop,available,2.99,38.99,medium,low,7,namesilo,,,17/09/2026 03:06
d16ced02-f077-457d-8cbc-8eb6ec075ac5,civilizations.shop,premium,517.7,517.7,medium,low,13,spaceship,,,01/10/2026 01:05
87c32c25-f993-4c3e-8bd3-2c1c9b3c8875,almaata.shop,available,2.99,38.99,medium,low,8,namesilo,,,18/09/2026 12:23
c0b71bd0-bf81-41c0-a956-e3fd29356f12,aerate.shop,available,0.98,48.98,medium,low,6,namecheap,,,17/09/2026 21:35
70c2f950-0165-4ad4-8c8b-f3e301477e99,veer.shop,premium,517.7,517.7,high,low,4,spaceship,,,27/09/2026 21:02
05dcc215-b64d-4822-84cb-194539aceb4f,proceeded.shop,available,2.99,38.99,medium,low,9,namesilo,,,18/09/2026 01:36
446579c7-aac4-4179-a156-d43f434ddcb3,cheetah.shop,premium,640,640,high,low,7,namesilo,,,17/09/2026 01:33
b465c5fe-b201-4ff1-92d2-b813f1236268,avoided.shop,available,1.99,32.32,low,low,7,dynadot,,,29/09/2026 05:05
d93fa8bd-2035-4d83-ba92-fbea90373ce7,needs.shop,resell,,,high,low,5,Dynadot Inc.,12/12/2025 02:26,12/12/2026 23:59,
143fd945-5937-422e-aa56-a5830a1d7cb7,trine.shop,resell,,,medium,low,5,Dynadot Inc.,12/04/2026 01:08,12/04/2027 23:59,
d68bc87b-9312-4cc3-9860-84e7aec3389a,nathaniel.shop,premium,302.5,302.5,medium,low,9,namesilo,,,25/09/2026 14:50
8d7e7428-1615-4143-b90d-ae4f2d3830db,awarding.shop,available,0.9,31.25,high,low,8,spaceship,,,28/09/2026 23:40
e8bdc41d-63b2-4d0b-b22e-075b1b58e4dc,barnyard.shop,premium,640,640,medium,low,8,namesilo,,,22/09/2026 06:58
b96299a0-612a-458a-bd52-78f6515165e3,cauchy.shop,available,30.2,30.2,medium,low,6,cloudflare,,,30/09/2026 13:33
c206f125-b98f-40e2-95a4-bec7bfc1e449,munchausen.shop,available,2.99,38.99,medium,low,10,namesilo,,,22/09/2026 07:14
f22a4e3c-4347-477f-b702-fae081ba92c1,corfu.shop,premium,1035.2,1035.2,high,low,5,spaceship,,,30/09/2026 04:34
3dab9c7a-ec75-43b1-a133-c825c2151d20,apophthegm.shop,available,2.99,38.99,medium,low,10,namesilo,,,19/09/2026 17:11
f2e987ec-3562-4444-a54f-ef11b83f028b,widow.shop,premium,3450,3450,medium,low,5,namesilo,,,27/09/2026 05:54
3eea21da-edd7-437d-97ad-ccf0f2ee777c,bullish.shop,premium,116,116,high,low,7,namesilo,,,23/09/2026 10:43
f47db5aa-019b-428b-a08a-11575b86fcaf,clicks.shop,premium,517.7,517.7,medium,low,6,spaceship,,,01/10/2026 00:04
da7a8f10-7225-4076-bb0f-27fac7cdb6cc,grandparents.shop,premium,640,640,medium,low,12,namesilo,,,18/09/2026 06:12
19faab70-9715-4114-b401-fae0048f4726,initially.shop,available,0.98,48.98,medium,low,9,namecheap,,,28/09/2026 11:32
f7c83d73-3952-43b5-b6dd-6e38461f23c5,ugh.shop,premium,2600,39,medium,low,3,namecheap,,,01/10/2026 05:47
19756a0f-e245-47ff-8f30-0aac581f3410,kao.shop,premium,2600,39,medium,low,3,namecheap,,,30/09/2026 13:44
2ecf23ae-3cf7-4ab3-abcf-9a269f581246,encore.shop,resell,,,high,high,6,,,,29/09/2026 18:47
61edf5da-fb91-41c5-b7e8-14103afcc5cc,fulfil.shop,premium,302.5,302.5,high,low,6,namesilo,,,01/10/2026 22:07
dfbf3094-be2c-4ab3-a9e2-b190e9643007,transporter.shop,premium,517.7,517.7,high,low,11,spaceship,,,30/09/2026 11:44
71974af8-f4d1-496d-ab23-523aeeced185,lite.shop,premium,1107,1107,high,low,4,namesilo,,,11/08/2026 15:09
d918b7d4-d6c6-4afe-aa88-75815b33dd0f,batter.shop,resell,,,high,low,6,,,,22/09/2026 14:16
7f4707b7-876e-41ea-b3df-cf82b04e3f4c,fitchburg.shop,premium,325,325,medium,low,9,namecheap,,,30/09/2026 04:33
6bfb1a5b-2473-43a9-b1b0-164a18c3b2fe,realism.shop,premium,2587.7,2587.7,high,low,7,spaceship,,,29/09/2026 13:31
343dc8ab-2fa0-4fcf-b111-35c12eafe211,awhile.shop,available,30.2,30.2,medium,low,6,cloudflare,,,28/09/2026 13:12
06dbc5c0-e4c3-4854-bc3c-334c7062644c,arrogant.shop,premium,640,640,medium,low,8,namesilo,,,22/09/2026 08:39
6dcf1f3e-3e2b-43a8-82f1-749d30828d7e,cas.shop,premium,2070.2,31.25,high,low,3,spaceship,,,27/09/2026 23:14
d3088d53-1259-4874-a167-8cf79c896f89,managing.shop,premium,2750,2750,high,low,8,dynadot,,,01/10/2026 22:31
b2e80004-f115-4099-a089-4f865ecabc75,hancock.shop,premium,768,35.4,high,low,7,namesilo,,,25/09/2026 06:51
72fa43ff-d8be-4b20-8fec-9c5fab6190b3,arguing.shop,available,2.99,38.99,medium,low,7,namesilo,,,20/09/2026 04:50
91011078-1dc5-43dd-a253-809e5b75d0bf,crews.shop,premium,517.7,517.7,medium,low,5,spaceship,,,28/09/2026 16:47
ba739be6-830d-4171-964b-8c573a7dd7a4,horse.shop,premium,1100,1100,high,low,5,dynadot,,,01/10/2026 18:22
01fc5e14-b6aa-4783-a55e-e6f4a448ab8c,tavern.shop,premium,640,640,high,low,6,namesilo,,,28/09/2026 15:26
bc04558a-2345-4812-b0b7-2cca374d537a,wines.shop,premium,13800,13800,medium,low,5,namesilo,,,18/09/2026 10:23
5ab74394-b340-45e1-9666-1726e28539fe,reversing.shop,available,30.2,30.2,high,low,9,cloudflare,,,01/10/2026 06:12
2294831c-fd2b-46dd-bbe6-8c30b57fb8bb,riviera.shop,premium,1035.2,1035.2,high,low,7,spaceship,,,30/09/2026 18:32
2df611df-9fd7-4379-8000-bd66dae05bea,maj.shop,premium,2660,35.4,high,low,3,namesilo,,,27/09/2026 02:37
a91d02a6-9b4d-4e39-b3a9-9c8c6f5c924f,stoker.shop,resell,,,medium,low,6,,,,16/09/2026 16:53
5b1bb404-ea33-414e-8ad7-ada099da2694,intends.shop,available,2.99,38.99,medium,low,7,namesilo,,,29/09/2026 11:20
48792d9c-5cb0-44da-9255-2d389d159493,interior.shop,premium,1107,1107,high,low,8,namesilo,,,25/09/2026 09:38
3f3d5ce8-34bd-43ce-b6c9-fb787b7fb4b1,acerose.shop,available,0.98,48.98,medium,low,7,namecheap,,,
16cbad72-ca47-4a49-ac8e-495ad02336c9,bfa.shop,premium,2660,35.4,medium,low,3,namesilo,,,01/10/2026 06:12
cd1af8a5-e85d-4689-a172-894f2143f5db,parishes.shop,available,2.99,38.99,medium,low,8,namesilo,,,18/09/2026 08:08
4a39e2f1-39bc-41a1-9ffd-08bf7251de4f,know.shop,premium,1035.2,1035.2,high,low,4,spaceship,,,29/09/2026 20:04
77470360-4d69-4cfd-924d-a80caf7b3bb7,kcal.shop,resell,,,high,low,4,,,,30/09/2026 12:30
c0564d5d-e79e-4030-b5df-b75a2a587e56,task.shop,premium,1107,1107,high,low,4,namesilo,,,02/10/2026 03:42
e6ba1661-788c-4727-839a-86c908630a85,enjoying.shop,resell,,,medium,low,8,,,,25/09/2026 21:02
9f10da21-6848-46b1-aedf-0518735940a5,archdeacon.shop,available,0.98,48.98,medium,low,10,namecheap,,,20/09/2026 01:53
e8bbb15b-488e-4527-b2be-0916f77c8e4f,sky.shop,premium,6500,6500,high,medium,3,namecheap,,,30/09/2026 06:48
6de07cd0-da2e-48f4-b2f2-7f4935597e65,lodge.shop,premium,1107,1107,high,low,5,namesilo,,,28/09/2026 23:14
3dde8b41-a0fd-47ba-b3b5-44de0dbe24db,astrometry.shop,available,0.98,48.98,medium,low,10,namecheap,,,20/09/2026 17:53
a52df31c-cfdd-4cb6-a587-715907d98a90,petal.shop,premium,,,high,low,5,,,,02/10/2026 04:53
168698ff-751e-4bf5-ba44-dd0ae4334a88,solve.shop,premium,550,550,high,low,5,dynadot,,,30/09/2026 19:49
86d554b4-74e3-4aad-bbf3-877309f726f7,present.shop,premium,1107,1107,high,low,7,namesilo,,,01/10/2026 20:06
2599fd24-8812-495d-ba26-83e3ac78d633,adjoining.shop,available,2.99,38.99,medium,low,9,namesilo,,,30/09/2026 03:23
c5e3f7bf-91d5-405d-bd8c-3a1a32c2d0f0,occupancy.shop,available,2.99,38.99,medium,low,9,namesilo,,,02/10/2026 05:49
82d5ab35-08c8-47db-a63c-896762f92f67,causes.shop,premium,640,640,medium,low,6,namesilo,,,27/09/2026 09:34
dd44614c-e210-45e2-a278-f3b588cb843f,rinpoche.shop,available,2.99,38.99,medium,low,8,namesilo,,,01/10/2026 23:21
4b7223b8-a626-435b-b387-96c3d414c68f,heartland.shop,premium,2587.7,2587.7,high,low,9,spaceship,,,02/10/2026 05:11
21f12b47-9b2c-4ded-8c31-092c6734eb35,mcnamara.shop,available,2.99,38.99,medium,low,8,namesilo,,,27/09/2026 08:09
16c8849b-c806-4f49-be88-1eecd644e14c,patriots.shop,premium,2587.7,2587.7,medium,low,8,spaceship,,,29/09/2026 17:47
d780b866-888d-4b93-bf60-d4ac90922b69,terror.shop,premium,1035.2,1035.2,high,low,6,spaceship,,,28/09/2026 19:24
276c385f-e9c2-4fe9-bbab-99b2a30de950,archduke.shop,available,2.99,38.99,medium,low,8,namesilo,,,20/09/2026 01:54
2d2cb9f5-e1e6-4a02-935b-c353ebcf8fd3,beth.shop,resell,,,medium,low,4,,,,23/09/2026 11:12
340ca884-9205-4490-a2a8-7c91295395e7,mirror.shop,premium,2587.7,2587.7,high,low,6,spaceship,,,30/09/2026 04:41
f0f1f5e6-4df7-4db2-aea8-f15ff1b468b7,mixes.shop,premium,546.35,546.35,medium,low,5,porkbun,,,01/10/2026 00:35
83fc87af-66ce-4234-98fa-7a3afc631480,louder.shop,premium,302.5,302.5,high,low,6,namesilo,,,28/09/2026 08:31
334f1f30-ec5f-407d-8761-67bdeed087e4,sfc.shop,premium,2600,39,high,low,3,namecheap,,,30/09/2026 20:58
68f62acd-f93a-46d0-a8fa-8fbda8b0c542,outcome.shop,premium,621.2,31.25,high,low,7,spaceship,,,29/09/2026 11:10
2fd8e2ef-ed43-4b51-8028-99a381f477af,aliyah.shop,premium,650,650,medium,low,6,namecheap,,,18/09/2026 08:11
5802efa9-e95a-49db-a2e8-785ebaeed51b,recruitment.shop,premium,,,high,low,11,,,,29/09/2026 15:56
1281e225-0d80-4498-8e5e-d45bcef77a97,foto.shop,premium,6900,6900,high,low,4,namesilo,,,01/10/2026 18:40
408f32e1-7a85-40b2-b55b-95cff130b38e,suspense.shop,premium,517.7,517.7,high,low,8,spaceship,,,30/09/2026 12:39
04c10fa3-c174-4ad7-9e43-c07b857335cc,nemo.shop,premium,2200,32.32,high,low,4,dynadot,,,30/09/2026 21:32
752fa8b9-3e92-408a-be31-e983a09bf376,nasa.shop,resell,,,high,low,4,,,,28/09/2026 19:59
2744f6d8-befd-4b61-b755-b761f28a7c7c,better.shop,premium,3250,3250,high,medium,6,namecheap,,,22/09/2026 20:11
06085a04-838d-4146-80d5-9543d03df006,emotions.shop,premium,1300,1300,medium,low,8,namecheap,,,27/09/2026 02:04
9ddae4f4-d11c-4f13-a41c-1b218e90c404,brisbane.shop,premium,546.35,546.35,high,low,8,porkbun,,,01/10/2026 01:13
8829eb11-a064-4a58-927c-012c1fbf7a4e,galway.shop,premium,768,35.4,high,low,6,namesilo,,,28/09/2026 09:51
a622f2a6-4512-4390-8433-fff04475b852,twaddle.shop,available,0.98,48.98,medium,low,7,namecheap,,,21/09/2026 23:55
aedaeb89-004f-41f2-afb1-cbfd2996003c,blazers.shop,premium,3450,3450,medium,low,7,namesilo,,,20/09/2026 11:38
eb36cb20-81b6-4f3a-afef-1a8666f22c05,acerbity.shop,available,2.99,59.99,medium,low,8,name.com,,,16/09/2026 23:41
ec8971d1-d280-4ad9-b600-cce49977c347,overeasy.shop,resell,,,medium,low,9,,,,16/09/2026 17:44
cc2c2ecc-6990-4f43-84e3-e653b2810c79,slouchy.shop,available,2.99,38.99,medium,low,7,namesilo,,,19/09/2026 04:23
c75ba1fb-9c62-4864-ad6f-fc16c2726a63,holidays.shop,premium,3250,3250,high,low,8,namecheap,,,20/09/2026 04:47
a94d6155-d3be-46a1-928f-bd658d1dbfbe,introducing.shop,resell,,,medium,low,11,,,,17/09/2026 20:59
1e42216e-4561-49c7-9af2-973962ea17ed,developed.shop,premium,3450,3450,high,low,9,namesilo,,,24/09/2026 07:51
5174eb5d-3b2b-4c03-8fa9-097f61c64546,horses.shop,premium,625,625,medium,low,6,name.com,,,17/09/2026 09:06
5d026ff2-ef87-428e-9c09-ba1b33c1ef21,creative.shop,premium,6500,6500,high,medium,8,namecheap,,,01/10/2026 01:41
89f0d63b-1f37-4d01-a62e-71c1a0c992ab,limo.shop,premium,2587.7,2587.7,high,low,4,spaceship,,,30/09/2026 03:02
d15cb554-5192-447d-ac46-e2231d6b474d,bleach.shop,premium,3450,3450,high,low,6,namesilo,,,24/09/2026 03:49
a300ae67-374d-4882-bbdc-0715554ea054,broadway.shop,premium,6900,6900,high,low,8,namesilo,,,24/09/2026 10:38
d63a4dfa-1be5-40a5-bbfc-b72ab2a33b2e,cavern.shop,premium,275,275,high,low,6,dynadot,,,01/10/2026 01:18
3cfe9fd3-65f9-41a8-904a-4ea27a655dc5,westminster.shop,premium,2800,42,high,low,11,namecheap,,,
68909099-b46f-4da7-affc-728689365df0,ignition.shop,premium,302.5,302.5,high,low,8,namesilo,,,28/09/2026 10:06
996adfb1-640c-48b6-9584-803efb911f81,artaxerxes.shop,available,2.99,38.99,medium,low,10,namesilo,,,20/09/2026 10:06
35872bb0-22e1-48d5-ab0d-5a59a9d7f698,tress.shop,premium,640,640,medium,low,5,namesilo,,,24/09/2026 07:57
d9925e90-6a3f-40b2-bcc4-fb93f7433f5b,kendrick.shop,resell,,,medium,low,8,,,,28/09/2026 08:02
4f981deb-3a73-4d7b-814a-2e50f350c2c3,shortness.shop,available,2.99,38.99,medium,low,9,namesilo,,,16/09/2026 17:27
b600ecab-bcc4-4d34-9ff8-dcaeac45d47e,overflowing.shop,resell,,,high,low,11,,,,01/10/2026 05:59
c8b87b44-a1d8-452e-873b-f5ca25898a7c,bypass.shop,premium,258.95,258.95,medium,low,6,spaceship,,,30/09/2026 14:25
10114306-c861-413d-b46a-02822700445f,almanac.shop,resell,,,high,low,7,,,,18/09/2026 12:28
36c37cbb-3c9e-433b-b629-97ea6ab953d0,spectacle.shop,premium,517.7,517.7,high,low,9,spaceship,,,28/09/2026 20:32
b63a8c05-c901-4819-855f-256789909884,drafts.shop,premium,5175.2,5175.2,medium,low,6,spaceship,,,01/10/2026 18:07
2c9e17cd-1b8e-4bef-97e8-6f3cd0c11f16,borodin.shop,premium,640,640,high,low,7,namesilo,,,18/09/2026 05:02
27133871-8a9f-4558-bf8e-923f4af07869,replacing.shop,available,2.99,38.99,medium,low,9,namesilo,,,29/09/2026 02:02
5ecf12c3-2f6e-40ba-8e89-2a19790763be,charter.shop,premium,517.7,517.7,high,high,7,spaceship,,,28/09/2026 18:42
2436370c-5bea-4a0f-9e63-604f3bf1846c,sediment.shop,premium,517.7,517.7,high,low,8,spaceship,,,01/10/2026 03:37
83270e1f-e5ae-4393-b283-800d3279e385,tornadoes.shop,available,0.98,48.98,medium,low,9,namecheap,,,16/09/2026 14:14
8a60378a-b168-4124-85f5-04b60679ac7d,smatter.shop,available,2.99,38.99,medium,low,7,namesilo,,,24/09/2026 04:48
095f79d3-07ea-4465-b269-22216eb95ed7,scooter.shop,premium,2729.67,2729.67,high,low,7,porkbun,,,30/09/2026 01:57
0c616600-8c9a-42b0-a11c-9a4ee57aa856,sharks.shop,premium,640,640,medium,low,6,namesilo,,,27/09/2026 23:50
029fef21-47e0-417e-814f-6d2fb9e7c7cd,snyder.shop,premium,650,650,high,low,6,namecheap,,,25/09/2026 18:53
22716caa-223c-4409-8359-287384533e85,homer.shop,premium,517.7,517.7,high,low,5,spaceship,,,30/09/2026 17:38
78d7dc53-c9e6-40f0-9711-beafa709f041,investigators.shop,premium,517.7,517.7,medium,low,13,spaceship,,,29/09/2026 00:00
0dbeba07-d9b8-4715-9baf-7c0901d67ba0,showering.shop,available,2.99,38.99,high,low,9,namesilo,,,01/10/2026 23:53
334c86c2-4d62-4120-aea6-c7bb12c10636,reservoir.shop,premium,650,650,high,low,9,namecheap,,,20/09/2026 11:41
1bef0583-5d2a-4c9b-bdd0-8394fa096bef,anolis.shop,available,2.99,38.99,medium,low,6,namesilo,,,19/09/2026 11:23
edaf5d16-40d6-4c09-b407-830b9a08ffcd,freely.shop,premium,2070.2,31.25,high,low,6,spaceship,,,28/09/2026 14:56
bf5ef0fe-9bf5-43d6-a3a6-c695db280060,nutrient.shop,premium,312.5,,high,low,8,name.com,,,
fbd34fa6-df92-4131-915f-0c29a92b96d4,appearances.shop,available,0.9,31.25,medium,low,11,spaceship,,,28/09/2026 23:35
7cd55d1e-38af-4811-92fa-ba14c88f1b37,testimony.shop,resell,,,high,low,9,"Spaceship, Inc.",06/10/2025 18:41,06/10/2026 23:59,
03bdbdc1-0b01-47bf-810d-1d8e9bea79f2,litton.shop,available,2.99,38.99,medium,low,6,namesilo,,,02/10/2026 00:54
65aec82a-fbbc-4111-9739-4b58b5a22144,leukaemia.shop,available,2.99,38.99,medium,low,9,namesilo,,,24/09/2026 11:59
62917f2c-384f-49c5-86df-2ac6976d6952,enwrapped.shop,available,0.98,48.98,medium,low,9,namecheap,,,
458ca836-2954-4c3a-bf99-0d4121be76d3,gonzalez.shop,resell,,,high,low,8,,,,25/09/2026 16:13
77220ab2-563a-4005-9bb2-91cce67dda3c,philanthropic.shop,premium,625,,high,low,13,name.com,,,01/10/2026 02:22
14475050-6d9b-4084-b77a-762674d5af6d,employers.shop,premium,1092.18,1092.18,medium,low,9,porkbun,,,30/09/2026 06:06
ef6b735c-964f-497f-b2b8-625c35e7416f,aichi.shop,premium,,,medium,low,5,,,,01/10/2026 08:46
4057298a-4f4a-4433-9d03-b568b8779530,newsletter.shop,premium,258.95,258.95,high,low,10,spaceship,,,30/09/2026 02:23
90d5b10a-8517-451f-8fa3-6314bce7bb81,sti.shop,premium,2600,39,high,low,3,namecheap,,,30/09/2026 19:35
f8f8982e-df96-4cd1-9775-3ac0072aaa19,mata.shop,premium,1035.2,1035.2,medium,low,4,spaceship,,,28/09/2026 21:09
97637397-36b2-4e8d-b938-e59efd9e6f24,auriferous.shop,available,2.99,38.99,medium,low,10,namesilo,,,22/09/2026 13:02
538c0919-231d-4811-8bf5-eb6bb533d102,stumble.shop,premium,517.7,517.7,high,low,7,spaceship,,,30/09/2026 10:30
e1e5a86c-7e02-4cd9-8747-4ca98561c880,irresponsible.shop,available,0.9,31.25,medium,low,13,spaceship,,,28/09/2026 21:26
3a94a5ae-6faf-4713-90c4-55b2d3f76d7f,auroral.shop,premium,640,640,medium,low,7,namesilo,,,22/09/2026 13:08
090f0b09-fbce-4718-8cd8-49fc3daaecfd,greensburg.shop,premium,,,medium,low,10,,,,01/10/2026 12:09
878e5450-cbd0-48fd-b5ad-296bf0a26b1f,rigil.shop,available,2.99,38.99,medium,low,5,namesilo,,,18/09/2026 13:35
fa7b56ba-e8eb-4a22-8937-78b7040d488e,impractical.shop,available,1.99,32.32,medium,low,11,dynadot,,,01/10/2026 20:10
64803795-6ad2-4d31-808a-d2c6cf585f30,ballplayer.shop,available,2.99,38.99,medium,low,11,namesilo,,,21/09/2026 23:25
a4431928-b29b-4582-baa1-f542cf094ebd,exiled.shop,premium,2200,32.32,low,low,6,dynadot,,,30/09/2026 15:40
36ef39b0-8e2d-4dba-8924-adccc375bb56,hayden.shop,premium,640,640,high,low,6,namesilo,,,25/09/2026 15:33
181cff83-67fa-4de0-b015-fe1a138c947e,bannister.shop,available,2.99,38.99,medium,low,9,namesilo,,,22/09/2026 00:23
3f7a613d-6650-4721-9942-6ed0e302ff50,bedroll.shop,available,2.99,38.99,medium,low,7,namesilo,,,22/09/2026 23:33
6dba27a3-7299-4125-a401-16f651ab62b1,daly.shop,premium,302.5,302.5,high,low,4,namesilo,,,25/09/2026 13:04
4753954c-4660-42cc-ad38-647fc7bffad3,parnell.shop,premium,302.5,302.5,medium,low,7,namesilo,,,28/09/2026 18:40
df0ef3af-bfad-4b64-90c9-c7c370249347,citibank.shop,resell,,,high,medium,8,GoDaddy.com LLC,15/09/2025 03:10,15/09/2026 23:59,
4208681b-911d-4b1f-aa93-65638fd3a02e,liveness.shop,available,2.99,38.99,medium,low,8,namesilo,,,19/09/2026 09:04
44b6355d-865b-41e7-a41e-cdb6f5718431,fatality.shop,resell,,,medium,low,8,,,,30/09/2026 01:36
e3fcf867-059a-4348-a283-84a1994ca552,blueberries.shop,premium,3250,3250,medium,low,11,namecheap,,,17/09/2026 17:28
db20252c-013a-4ab1-8940-bf291ac73b74,fooled.shop,available,0.9,31.25,low,low,6,spaceship,,,29/09/2026 04:52
3d7624be-6f96-4d5b-899e-a7a59aa3d867,potential.shop,premium,302.5,302.5,high,low,9,namesilo,,,27/09/2026 04:46
a7bb5258-3ac2-41fd-b2ca-6b577a3ab5b6,arnold.shop,resell,,,high,low,6,,,,20/09/2026 08:16
4b0528be-900f-4f4a-b67c-3aa11c3a6d5f,tomlinson.shop,resell,,,medium,low,9,,,,28/09/2026 12:15
4bc4fd51-06ec-48a3-9e30-ae7e108a271e,adenovirus.shop,available,2.99,38.99,medium,low,10,namesilo,,,17/09/2026 07:41
c6359c15-670c-4f67-ae4b-36a6eeee8fa2,jerome.shop,premium,325,325,medium,low,6,namecheap,,,25/09/2026 05:46
7cdee76e-c29d-4f86-8cf4-0c766e29c6e3,ascites.shop,available,0.98,48.98,medium,low,7,namecheap,,,20/09/2026 13:17
1cfa0c56-439a-41cf-b0d8-9f5b67eb7df0,jamieson.shop,resell,,,high,low,8,,,,29/09/2026 22:21
954d788c-f749-460e-b42d-20a21033574e,ted.shop,premium,2500,,high,low,3,name.com,,,30/09/2026 12:54
dd532d34-d97b-4827-97d8-c3457b434583,sheet.shop,premium,325,325,high,low,5,namecheap,,,29/09/2026 01:47
7728ef4f-c5fe-48fc-bad4-3ebfdf750ae6,alastair.shop,resell,,,medium,low,8,,,,01/10/2026 08:31
2c96a69e-839b-4619-9ee0-b645e5d9d849,astacus.shop,available,2.99,38.99,medium,low,7,namesilo,,,20/09/2026 16:51
232cfc60-d138-4137-919f-accc45a7d5bf,attention.shop,premium,546.35,546.35,high,low,9,porkbun,,,28/09/2026 02:14
8aa39315-3e4d-48cb-ab5e-ef9459833c69,designers.shop,premium,546.35,546.35,high,low,9,porkbun,,,01/10/2026 18:23
58f3a28a-1578-4d22-b0fc-2840c69008ef,dunstan.shop,resell,,,medium,low,7,,,,02/10/2026 00:24
41c2a662-f5be-4c35-aa2e-766458c5b75f,terzetto.shop,available,0.98,48.98,medium,low,8,namecheap,,,
b5e82fff-a395-4e16-97c2-9a89172c734e,moreton.shop,available,2.99,38.99,medium,low,7,namesilo,,,30/09/2026 12:45
7ab8bac5-748a-48fc-89d5-4aba9d1fe04b,samson.shop,premium,,,high,low,6,,,,28/09/2026 01:08
8a034063-6c68-4603-81dc-e8a6d37d4005,retract.shop,available,2.99,38.99,medium,low,7,namesilo,,,01/10/2026 04:08
b969ea58-56cf-4458-bf87-dd76be7128f0,unduly.shop,available,2.99,38.99,low,low,6,namesilo,,,16/09/2026 10:01
b9a3216d-ed5c-4498-bdcd-514c43a43575,oldfield.shop,premium,302.5,302.5,medium,low,8,namesilo,,,22/09/2026 06:52
05f9bdc6-1ab0-4de7-85d2-a421f336920e,campus.shop,premium,6900,6900,high,medium,6,namesilo,,,29/09/2026 06:20
461ed14b-5096-4598-b80c-a1a3328475b6,prose.shop,premium,660,32.32,high,low,5,dynadot,,,30/09/2026 07:46
8ca2becf-8b2e-4fca-986b-9b2c0e5ecd23,locally.shop,premium,650,650,medium,low,7,namecheap,,,28/09/2026 16:11
74b45ecf-0342-4641-9006-bdba30bde073,refresh.shop,premium,1107,1107,high,low,7,namesilo,,,30/09/2026 16:47
9c6dfb8c-d0be-4e13-ba0e-0f406ca18efb,teenaged.shop,available,2.99,38.99,medium,low,8,namesilo,,,19/09/2026 04:34
10bcbd18-b3ca-4086-b4f6-d5fc065bd213,rumours.shop,premium,258.95,258.95,low,low,7,spaceship,,,30/09/2026 00:33
087b657b-79d8-44cc-b2c5-2454b6093007,diderot.shop,available,0.9,31.25,high,low,7,spaceship,,,01/10/2026 01:42
2fa96350-19d5-48a8-8a7e-8029ad31381c,richey.shop,premium,258.95,258.95,medium,low,6,spaceship,,,02/10/2026 01:53
2a600b9e-084a-4c72-8f0c-6fe3f72398ae,baron.shop,premium,640,640,high,low,5,namesilo,,,22/09/2026 07:01
1b158307-293f-4c96-9c5b-fb78e751fd94,sever.shop,premium,,,high,low,5,,,,01/10/2026 04:12
68e8c0e6-0440-41f8-8c72-b13c5050f335,inches.shop,premium,1107,1107,low,low,6,namesilo,,,25/09/2026 20:47
392b649f-4fc7-46b8-bb9a-2182ac232d65,found.shop,premium,1107,1107,high,medium,5,namesilo,,,22/09/2026 17:43
c15d957c-5f20-4712-b61c-4e82ffec019e,adventurer.shop,premium,650,650,high,low,10,namecheap,,,17/09/2026 10:41
c107b61b-6922-4a16-8817-a1fed9e16fce,manslaughter.shop,available,30.2,30.2,medium,low,12,cloudflare,,,28/09/2026 22:46
4ded4dde-c616-4204-9930-43ebcfb853bc,mahoning.shop,available,0.9,31.25,medium,low,8,spaceship,,,02/10/2026 01:03
85802c7b-5c97-4516-a2e0-49b1a50b4a42,marshal.shop,premium,650,650,high,low,7,namecheap,,,28/09/2026 19:50
65fb5a7f-176e-44c4-bdba-21b4fc96aecc,ruggles.shop,available,1.99,32.32,medium,low,7,dynadot,,,01/10/2026 10:32
ce46078c-65c8-45d6-a69f-b620acce420a,shortish.shop,available,0.98,48.98,high,medium,8,namecheap,,,10/09/2026 06:50
b4c3bf08-2ab5-4add-b804-b6903dcac6d1,luz.shop,premium,2660,35.4,medium,low,3,namesilo,,,28/09/2026 21:47
f9af4516-ebca-4918-a567-4dc6ccfad6b0,urged.shop,available,2.99,38.99,medium,low,5,namesilo,,,19/09/2026 03:59
f24a5a45-f45f-418b-91f5-ed22196b1e97,software.shop,premium,11000,11000,high,medium,8,dynadot,,,01/10/2026 12:22
b7d21905-3ebc-414e-a397-8d280c220b52,foretoken.shop,available,2.99,38.99,medium,low,9,namesilo,,,21/09/2026 03:42
c30cb264-2e83-41b5-8251-0606d4ff4036,hillsboro.shop,premium,258.95,258.95,medium,low,9,spaceship,,,29/09/2026 04:37
6344c880-71c8-47c5-a3a0-b56af8d24c81,lunch.shop,premium,3450,3450,high,low,5,namesilo,,,29/09/2026 13:42
44f1f25d-7b78-4fb4-8af4-2900e2648e01,thu.shop,premium,2070.2,31.25,medium,low,3,spaceship,,,30/09/2026 19:35
fc51e0b2-3577-4afd-b7c7-250bf4012186,bandeau.shop,premium,768,35.4,high,low,7,namesilo,,,22/09/2026 01:04
c35748c4-5c3a-4e21-8184-ca54f7ba914c,deep.shop,premium,640,640,high,medium,4,namesilo,,,21/09/2026 15:15
35669eb9-ad7e-4b7c-973f-f81eb4f03e89,reg.shop,premium,5175.2,5175.2,high,low,3,spaceship,,,28/09/2026 21:01
19709ac5-30a1-4d0b-891c-880d3073be36,amaterasu.shop,resell,,,medium,low,9,,,,18/09/2026 16:05
45eb796c-c5ec-41e7-99c8-e9062a9f0941,station.shop,premium,640,640,high,low,7,namesilo,,,25/09/2026 10:03
938234a8-030c-468e-bcdb-96a7b0991aea,void.shop,premium,1107,1107,high,medium,4,namesilo,,,25/09/2026 23:24
ada5266b-9114-4b39-9cec-01403bdf0ef4,panadol.shop,resell,,,high,low,7,,,,16/09/2026 23:53
f92cb6e5-ff8a-4f7d-91f1-0548eb4f411f,tooth.shop,premium,650,650,high,low,5,namecheap,,,19/09/2026 18:20
83cf854c-2981-4721-af56-c298b350b100,balderdash.shop,available,0.98,48.98,medium,low,10,namecheap,,,21/09/2026 21:39
83c2aa19-9744-4134-a4c4-d05a0d3c3cc9,eldest.shop,available,0.98,48.98,high,low,6,namecheap,,,16/08/2026 02:19
b1e3937c-0219-40e6-a8ac-49d5b0abed45,astasia.shop,available,2.99,38.99,medium,low,7,namesilo,,,20/09/2026 16:54
67d87405-d76d-490c-9c39-52b6241c77b4,forgetting.shop,available,30.2,30.2,high,low,10,cloudflare,,,01/10/2026 18:31
7954b4de-d504-4ecf-9a48-6b39a745d395,moab.shop,resell,,,medium,low,4,,,,01/10/2026 05:14
3e7ec93c-2449-49c3-b045-91ce8a679ea4,scanners.shop,premium,640,640,medium,low,8,namesilo,,,19/09/2026 22:09
2f227744-5f27-4c93-8d80-646ea5560612,mannish.shop,available,0.98,48.98,medium,low,7,namecheap,,,24/08/2026 15:22
2d5b64e6-f066-4e2c-b009-11097c5171c7,ohio.shop,premium,1035.2,1035.2,high,low,4,spaceship,,,29/09/2026 04:57
8da26118-cb8d-4064-9c9b-6ad742387557,occupy.shop,premium,640,640,medium,low,6,namesilo,,,23/09/2026 12:12
37a51dcd-5a4e-4238-98b5-515dc8cc7361,costly.shop,resell,,,high,low,6,,,,24/09/2026 00:19
aced7ce0-5ef7-4154-969d-7aff4c158ff4,hoe.shop,premium,,,medium,low,3,,,,01/10/2026 02:37
ac13db88-beb5-4ea6-a6ed-06fcd705846d,trains.shop,premium,2587.7,2587.7,medium,low,6,spaceship,,,27/09/2026 22:59
e38827f9-5f85-49cb-960e-ce3569675788,milne.shop,available,0.98,48.98,medium,low,5,namecheap,,,16/09/2026 12:53
c84d9e0e-a00d-43a6-a8c2-b38d76935e9c,gdr.shop,premium,,,medium,low,3,,,,28/09/2026 07:11
8f1a9795-37cd-4f15-8453-ae30a9b1c59b,agenesis.shop,available,2.99,38.99,low,low,8,namesilo,,,17/09/2026 17:08
8bfcae9c-c84d-4c6c-a2b1-2c13ed6a3c50,tommy.shop,premium,2500,59.99,high,medium,5,name.com,,,25/09/2026 11:48
7b136ba2-5f55-4ce3-8896-e6f07c27c2b1,ringtail.shop,available,2.99,38.99,medium,low,8,namesilo,,,22/09/2026 12:08
0053628f-6998-42cd-bf1b-5e93e16894e7,calm.shop,resell,,,high,low,4,,,,23/09/2026 12:30
5b11c202-8c35-4578-a0a8-fb482777d997,eyes.shop,premium,625,,high,low,4,name.com,,,29/09/2026 18:46
5c3f8906-389d-431e-912d-9afc635f4060,claptrap.shop,available,2.99,38.99,medium,low,8,namesilo,,,24/09/2026 03:39
f67127b4-eb3e-4b3b-a0ef-35d1f2fabbd5,fleet.shop,premium,650,650,high,high,5,namecheap,,,24/09/2026 19:57
7330444c-b048-466b-8510-068e799d6971,shrew.shop,available,2.99,38.99,high,low,5,namesilo,,,02/10/2026 06:24
812c07f8-b230-44dc-bd30-693220340b3b,workout.shop,premium,2500,,high,low,7,name.com,,,29/09/2026 18:33
cc1e837b-d192-4416-a9d0-87d5d5c76186,snipefish.shop,available,2.99,38.99,medium,low,9,namesilo,,,23/09/2026 06:28
c0a22014-2e95-4f1c-9b1a-6ecd22e6a57f,ponds.shop,premium,650,650,medium,low,5,namecheap,,,18/09/2026 22:37
0254cd9f-8b8c-4f66-8f38-485a9b334795,cui.shop,premium,2660,35.4,high,low,3,namesilo,,,29/09/2026 15:08
7705e3aa-3dd9-4ba9-a3bc-a8d73f4e9214,sticking.shop,available,2.99,38.99,high,low,8,namesilo,,,27/09/2026 06:41
16821df5-2fdf-4b7f-a9b1-71da29cb3465,antbird.shop,available,2.99,38.99,medium,low,7,namesilo,,,19/09/2026 12:17
c2d3df81-f6bf-466f-9d79-77025f459240,inch.shop,premium,768,35.4,high,low,4,namesilo,,,25/09/2026 08:00
28568b3f-5815-465e-9a25-b9cdf4764fbf,coowner.shop,available,2.99,38.99,medium,low,8,namesilo,,,01/10/2026 15:31
7807a16f-2907-42bf-8c0e-91107ad1fc69,desirable.shop,premium,302.5,302.5,high,low,9,namesilo,,,14/08/2026 03:47
5a27207c-80b8-46d5-a889-521f8831e6b1,franck.shop,resell,,,medium,low,6,,,,29/09/2026 00:24
c3f622f4-8d78-42f1-b69e-893c5c7883bb,undo.shop,premium,,,high,low,4,,,,29/09/2026 02:46
a52370ac-b3c3-4892-b9d0-760a51e4b307,juror.shop,available,0.98,48.98,medium,low,5,namecheap,,,01/10/2026 20:11
d07eab1d-5f87-44c0-bf86-0be0b7d1e274,guffaw.shop,premium,130,130,high,low,6,namecheap,,,23/09/2026 06:41
b50f87ba-4b5a-4d9a-a8d4-a598792f5eab,applaud.shop,resell,,,high,low,7,"Spaceship, Inc.",10/06/2026 08:02,10/06/2027 23:59,25/09/2026 10:18
3ae25e6b-cf7b-4635-92ef-d6181b95f335,maybe.shop,premium,650,650,high,low,5,namecheap,,,28/09/2026 16:19
9816c393-8a99-4be9-8577-ca20a482da37,racine.shop,premium,517.7,517.7,medium,low,6,spaceship,,,28/09/2026 02:12
2ef61ba9-61cd-4892-9b0f-a005d8109902,ronnie.shop,premium,302.5,302.5,medium,low,6,namesilo,,,27/09/2026 07:42
f17cc985-edf9-45de-bf81-dea09d954d86,amanuensis.shop,available,2.99,38.99,medium,low,10,namesilo,,,18/09/2026 15:49
b5b098db-ec66-47dc-9b1b-206c825b25f4,scales.shop,premium,3450,3450,high,low,6,namesilo,,,29/09/2026 09:18
260b5a15-33b7-4952-87f5-9ccd19697f16,mckinney.shop,premium,273.44,273.44,medium,low,8,porkbun,,,28/09/2026 04:20
274c37bb-0e3d-4037-ad21-de4bb2e9da09,plumber.shop,premium,1035.2,1035.2,high,low,7,spaceship,,,29/09/2026 20:00
eb4cca50-f8cb-439c-b1e8-a516c331c72c,bachman.shop,available,0.9,31.25,medium,low,7,spaceship,,,01/10/2026 11:51
d6f10660-de41-4d1a-95a1-94ecf766ffe6,gotha.shop,available,2.99,38.99,medium,low,5,namesilo,,,30/09/2026 13:38
37d01bbf-c99a-43d5-945f-346ec0d0d391,churning.shop,available,0.98,48.98,medium,low,8,namecheap,,,12/08/2026 07:51
7e0b24ef-3ad2-4707-876c-6ea071884142,inhale.shop,premium,2070.2,31.25,high,low,6,spaceship,,,30/09/2026 16:29
5fdded7f-a833-4509-ad3a-cce7953eb45d,articulate.shop,premium,640,640,high,low,10,namesilo,,,22/09/2026 08:42
0164d8be-4f85-4136-ae20-15ff654e7792,flurry.shop,premium,768,35.4,medium,low,6,namesilo,,,17/09/2026 09:17
69dcdfcf-2c90-4868-ae3e-c80f74cf7a95,cassel.shop,available,2.06,31.41,medium,low,6,porkbun,,,30/09/2026 13:49
87db64ed-5d41-4ce7-93d9-6629f1f489ca,verma.shop,resell,,,medium,low,5,,,,02/10/2026 02:53
b75cc190-96a1-4e94-8a18-4cc89307fddd,zaragoza.shop,premium,325,325,medium,low,8,namecheap,,,29/09/2026 08:01
510b9cdc-20de-484f-a5b5-c39ad7a6213a,vex.shop,premium,2500,59.99,medium,low,3,name.com,,,21/09/2026 17:27
9df173d8-6998-42bd-b0c3-7ce36035c899,spa.shop,premium,1100,1100,high,low,3,dynadot,,,28/09/2026 10:01
6c75e4c1-e931-4fa5-87fa-dead05ccc375,soap.shop,resell,,,high,low,4,Porkbun LLC,24/11/2022 04:42,24/11/2026 23:59,
89b9a980-3cda-4eab-8c17-13b05ddd1bfc,mouth.shop,premium,1107,1107,high,low,5,namesilo,,,28/09/2026 08:01
2138b116-9da6-4f7d-b967-8dddda41e7ea,tomato.shop,premium,517.7,517.7,high,low,6,spaceship,,,30/09/2026 03:31
40a9b189-6652-4339-b7e0-58396591a071,skateboard.shop,premium,1107,1107,high,low,10,namesilo,,,02/10/2026 06:25
d7b9b5fd-802d-4d6e-938f-cc233b352db5,palgrave.shop,available,0.98,48.98,medium,low,8,namecheap,,,01/10/2026 19:38
525e9b52-3151-4662-bb23-acd2d3f25794,steals.shop,premium,517.7,517.7,medium,low,6,spaceship,,,28/09/2026 23:24
53892387-92fd-4852-9d07-c7f54455e304,cadets.shop,available,0.9,31.25,medium,low,6,spaceship,,,30/09/2026 00:49
2768c86c-4faa-4c5b-8d8a-e716d6c2c66d,cabs.shop,premium,517.7,517.7,medium,low,4,spaceship,,,02/10/2026 03:57
ea2713e3-2beb-4897-abb6-76c5b8f9c765,willy.shop,premium,2600,39,medium,low,5,namecheap,,,27/09/2026 06:19
48f035e6-0947-4a3a-9932-a7e7e7f8ae79,visconti.shop,premium,325,325,medium,low,8,namecheap,,,30/09/2026 01:25
79e9bcb3-890c-4e79-b16f-6ccacb51410f,bankbook.shop,available,2.99,38.99,medium,low,8,namesilo,,,22/09/2026 02:44
acb9cbf9-ddb5-483e-bd21-025aa5f0a80e,carryforward.shop,available,2.99,59.99,medium,low,13,name.com,,,16/09/2026 06:47
8acca51e-265d-447d-9553-e500b378f30a,hires.shop,premium,5458.82,5458.82,medium,low,5,porkbun,,,30/09/2026 05:35
8adf44d1-470b-427f-b489-412fd0c54f86,karlsruhe.shop,premium,302.5,302.5,medium,low,9,namesilo,,,28/09/2026 12:19
3382c55a-390b-45da-b1d9-5733ef25067e,deducible.shop,available,0.98,48.98,medium,low,9,namecheap,,,13/08/2026 22:25
451628c7-efdf-4abd-ab14-b86ad2ee30f4,letitia.shop,premium,517.7,517.7,medium,low,7,spaceship,,,02/10/2026 00:22
b28e1ee9-d5e0-4bcc-8c07-1c42caadf72a,edible.shop,resell,,,high,high,6,,,,19/09/2026 14:59
8c31de8d-17e8-49df-a9e4-7154453771b6,topics.shop,premium,640,640,medium,low,6,namesilo,,,30/09/2026 14:57
e9f9eb68-e7f0-49a4-8ea7-09d375be096f,ping.shop,premium,2729.67,2729.67,high,high,4,porkbun,,,28/09/2026 20:11
0f6ab2ee-fba4-40e1-96fd-bace452a07b1,rudiments.shop,available,2.99,38.99,medium,low,9,namesilo,,,22/09/2026 10:41
991df878-3384-4b76-90e4-077c50bd0f67,chalkboard.shop,resell,,,high,low,10,,,,24/09/2026 02:10
733845ea-e32e-4545-bf15-00907e71c3b0,ibanking.shop,premium,116,116,medium,low,9,namesilo,,,20/09/2026 00:37
b2613edc-2fe9-4538-98dd-068b309d4df2,tanganyika.shop,available,0.98,48.98,medium,low,10,namecheap,,,29/09/2026 07:27
c51d7813-3aef-4c09-82f7-92ea1f8abe64,cornflower.shop,premium,640,640,high,low,10,namesilo,,,21/09/2026 14:08
08711567-135c-40c8-827b-4ca931d0adf9,dealership.shop,premium,640,640,high,low,10,namesilo,,,29/09/2026 06:18
f286d02b-e5bf-43e7-a48e-f10141253fbe,surrender.shop,premium,3125,,high,low,9,name.com,,,28/09/2026 11:23
fc844a87-cf52-440e-a38c-ad153cf3e46d,communion.shop,resell,,,medium,low,9,,,,29/09/2026 00:28
8883cc63-1147-42b8-921b-aee2b1b993a4,explaining.shop,available,0.9,31.25,high,low,10,spaceship,,,27/09/2026 22:18
1f96f1eb-a296-4115-beaa-40de8e96a139,turin.shop,premium,640,640,medium,low,5,namesilo,,,26/09/2026 00:26
16c4a50e-6784-464b-b4a0-f2fdaa4802eb,visible.shop,premium,550,550,high,low,7,dynadot,,,27/09/2026 19:29
f284487a-8501-4bca-b3fc-170e86afcd8d,europe.shop,premium,6900,6900,high,medium,6,namesilo,,,29/09/2026 10:27
a802c01f-023e-43c3-bd95-acd6e6b56a85,auctioneer.shop,premium,3450,3450,high,low,10,namesilo,,,21/09/2026 02:42
2068dbce-e5a5-4c53-b608-1dbefc2be9d5,pussy.shop,premium,1107,1107,high,medium,5,namesilo,,,27/09/2026 08:37
45b5ed8f-2df2-4926-bae0-d7dbae74014f,treatments.shop,premium,,,medium,low,10,,,,29/09/2026 04:46
37e94196-6a18-4bc7-bcda-068e4cc37b88,mosses.shop,premium,640,640,low,low,6,namesilo,,,29/09/2026 05:08
4ad7e00a-9392-4105-ab69-07c467b984cd,poems.shop,premium,3250,3250,medium,low,5,namecheap,,,18/09/2026 16:34
73a1ce4c-341e-4e27-aab9-787902a6308f,luck.shop,premium,640,640,high,low,4,namesilo,,,29/09/2026 09:20
ef538198-822c-4b79-b1d3-13b4562f9143,bitters.shop,premium,640,640,medium,low,7,namesilo,,,23/09/2026 23:09
6f7a5936-b525-4a70-b766-32e884c12d69,nearer.shop,available,2.99,38.99,medium,low,6,namesilo,,,28/09/2026 14:02
2cf941e5-aadf-4cf7-a90a-126850cc6c8b,toys.shop,premium,13800,13800,high,low,4,namesilo,,,20/09/2026 06:04
7cc6e7c3-e663-4630-bfec-674f5e54aa60,backspace.shop,premium,1107,1107,high,low,9,namesilo,,,21/09/2026 16:01
44ad92b6-209b-42e2-9e58-42c4f04c1cde,read.shop,premium,640,640,high,medium,4,namesilo,,,26/09/2026 00:08
1456372d-c96f-430b-916a-fccc4e5bf89f,instruct.shop,resell,,,high,low,8,"Spaceship, Inc.",03/01/2026 04:27,03/01/2027 23:59,
f9d97c80-f168-4208-ba43-3cb5f648ef5a,babble.shop,resell,,,high,low,6,,,,21/09/2026 12:19
d3613f22-fead-4085-8ba7-651e9ee950c7,identifying.shop,available,0.9,31.25,high,low,11,spaceship,,,29/09/2026 08:55
01053041-ced6-4293-bc8d-55178cf5d8e4,disks.shop,premium,3450,3450,medium,low,5,namesilo,,,18/09/2026 11:49
bc8ef548-bb9e-4f51-9256-a97f73838126,pourboire.shop,available,2.99,59.99,medium,low,9,name.com,,,21/09/2026 15:52
e9448e87-a8f8-4bbc-8362-f46052fc9546,childcare.shop,premium,640,640,high,low,10,namesilo,,,24/09/2026 14:36
c0ed380d-3779-483b-9290-5f8030b66103,alisma.shop,available,2.99,38.99,medium,low,6,namesilo,,,18/09/2026 08:02
f4b9edcc-113c-4d93-8750-b1e07e710c07,popcorn.shop,premium,2587.7,2587.7,high,medium,7,spaceship,,,28/09/2026 20:12
f7244e69-5a38-4747-881b-7df79b7b5499,finances.shop,premium,6900,6900,high,low,8,namesilo,,,29/09/2026 00:22
9c3c14cd-76f6-4310-90a3-e329bf79b7e6,revere.shop,premium,640,640,medium,low,6,namesilo,,,02/10/2026 06:02
f986cfba-b4a9-4c5d-84d8-30b01096b436,moma.shop,resell,,,high,low,4,,,,01/10/2026 23:50
cb0746e2-e3d9-49d5-9d22-2752ffebfec1,yoga.shop,premium,6900,6900,high,low,4,namesilo,,,28/09/2026 06:53
b7255969-a048-45a0-86fb-6f3d4cbc2ed8,essen.shop,premium,258.95,258.95,medium,low,5,spaceship,,,28/09/2026 19:08
c8ce5f63-e2f3-45fc-b066-42bf6e21de2f,maps.shop,premium,1250,,medium,low,4,name.com,,,
7ada93df-3432-4dad-846e-31da1e523839,tattooing.shop,premium,768,35.4,medium,low,9,namesilo,,,18/09/2026 01:47
13bbcc82-6a9a-47d6-91cc-9f10301afece,bernice.shop,premium,2070.2,31.25,medium,low,7,spaceship,,,28/09/2026 21:58
b94d91f5-6117-4e0d-83cb-04809e572683,unplug.shop,premium,517.7,517.7,high,low,6,spaceship,,,29/09/2026 15:31
e9f765c3-fd8d-4db1-98e3-1eb7f36e3a00,silly.shop,premium,2660,35.4,high,low,5,namesilo,,,21/09/2026 23:43
2e67261b-7290-49e4-a4f6-2acb12923333,flores.shop,resell,,,medium,low,6,,,,30/09/2026 21:30
0e0c7f1c-47d8-4f12-be07-69a17e36a5f6,filaria.shop,available,2.99,38.99,medium,low,7,namesilo,,,18/09/2026 06:14
e4dd33d1-9a0f-4893-8723-0ed8a5b1c2fe,shitlist.shop,available,2.99,38.99,medium,low,8,namesilo,,,24/09/2026 00:19
88897112-56d5-4a10-85e7-abe60dfe349e,aquilegia.shop,available,2.99,38.99,medium,low,9,namesilo,,,19/09/2026 23:13
f53b8647-8824-4576-8107-efa0cc388151,argue.shop,premium,517.7,517.7,medium,low,5,spaceship,,,30/09/2026 15:18
4fa0ee9c-6f53-45e2-a696-4dedbee20af8,orozco.shop,premium,2183.84,33.27,medium,low,6,porkbun,,,02/10/2026 05:31
3a081faf-c032-4a6c-92af-74aa652c55cb,bohrium.shop,available,2.99,38.99,medium,low,7,namesilo,,,20/09/2026 22:07
785104c8-2d5e-4ad7-9610-887de093df59,lifeboat.shop,premium,258.95,258.95,high,low,8,spaceship,,,29/09/2026 19:32
43601071-14f5-452e-b55b-d5336d4ada41,disbelief.shop,available,2.99,38.99,medium,low,9,namesilo,,,24/09/2026 22:29
764acc31-d1d6-411d-b36d-a81dcfa4b442,urgent.shop,premium,2660,35.4,high,low,6,namesilo,,,27/09/2026 06:05
bb1a5a6d-32b8-43ba-8c31-8d1628f2af47,philadelphia.shop,premium,3500,3500,high,low,12,namecheap,,,
6c3b0215-7705-4c7f-ac03-8fe98322b625,cannoneer.shop,available,2.99,38.99,medium,low,9,namesilo,,,20/09/2026 11:44
54217b39-1039-4821-b6fd-db01010ab548,canonic.shop,available,0.98,48.98,medium,low,7,namecheap,,,11/08/2026 17:22
6f5a25bd-d451-4329-986d-9fbe94de2a85,arda.shop,premium,780,39,high,low,4,namecheap,,,17/09/2026 10:27
4339ec34-7ed6-4423-9666-eed16dd1fd38,waitress.shop,premium,640,640,high,low,8,namesilo,,,27/09/2026 16:14
397bd4e6-b4d6-4f0f-9769-94e6737864c7,economics.shop,premium,2587.7,2587.7,high,low,9,spaceship,,,28/09/2026 19:02
cc0ccf85-30d4-4361-8a90-be7fad7f66d3,makeovers.shop,available,2.99,38.99,medium,low,9,namesilo,,,21/09/2026 08:55
bd7b2dfc-7dd8-4b56-9d23-c80f6c408533,acad.shop,premium,2070.2,31.25,high,low,4,spaceship,,,29/09/2026 10:57
4a3ffe3d-55c6-4135-9024-b35912b27dad,xxx.shop,premium,12500,12500,high,medium,3,name.com,,,
8c7f3778-36cf-41ac-abc8-f1d01e4a8b66,deceive.shop,available,0.9,31.25,medium,low,7,spaceship,,,29/09/2026 20:40
a8bbeeef-ff8a-4e8b-b422-9906c93caf42,performing.shop,premium,625,625,high,low,10,name.com,,,
23e3ee74-8b82-42c1-9652-3a7dceda0e7b,release.shop,premium,2600,39,high,low,7,namecheap,,,24/09/2026 21:38
1fd3fa5e-a296-4b49-be50-732e8cf4a56d,lagrangian.shop,available,0.9,31.25,medium,low,10,spaceship,,,29/09/2026 14:39
c8bac44d-9b47-4ca3-8e5a-8cc4f2994149,arbovirus.shop,available,2.99,38.99,medium,low,9,namesilo,,,20/09/2026 00:52
3d668f27-b682-4c98-829c-a8d703c37778,ruse.shop,premium,768,35.4,medium,low,4,namesilo,,,20/09/2026 11:33
f87ca355-c91f-402b-a053-add0e47f18fc,breaker.shop,premium,640,640,high,low,7,namesilo,,,24/09/2026 08:24
97304933-0f46-4027-a92a-1b63a9fc38f7,abwatt.shop,available,2.99,38.99,medium,low,6,namesilo,,,16/09/2026 19:39
301a4ae7-8133-45be-8786-1b8d39082c36,cartoon.shop,premium,640,640,high,low,7,namesilo,,,19/09/2026 08:59
bc0b35b0-cd22-4904-a325-ea4e0e718bd1,childhood.shop,resell,,,high,low,9,Dynadot Inc.,20/11/2025 00:58,20/11/2026 23:59,
6178706b-f25b-4b8f-b92c-27d5de7a8c06,theorize.shop,available,2.99,38.99,high,low,8,namesilo,,,24/09/2026 17:19
e3adb84f-d124-45fd-8d20-db4bf94c9f7b,overwhelm.shop,available,0.9,31.25,medium,low,9,spaceship,,,30/09/2026 18:52
e4b9fe04-dd3f-4e97-9f0e-1a673cd68948,pageant.shop,premium,517.7,517.7,high,low,7,spaceship,,,02/10/2026 05:28
87f1cea6-9dbc-4b0d-b774-62361be48da3,hygiene.shop,premium,640,640,high,low,7,namesilo,,,29/09/2026 01:19
f19f0a61-15a1-458f-944c-cfb848815603,derain.shop,available,0.98,48.98,medium,low,6,namecheap,,,19/09/2026 04:09
4f350e9b-b9e8-4ec2-84eb-345c902921e9,daniels.shop,premium,650,650,medium,low,7,namecheap,,,25/09/2026 15:51
33f90ef2-b0c0-49da-8f7c-c108db1c722a,judgment.shop,available,2.99,38.99,high,low,8,namesilo,,,30/09/2026 01:01
d27e1b4e-0b88-43df-a25a-ebf0241cd56e,chickpeas.shop,resell,,,medium,low,9,,,,20/09/2026 11:04
5d843d53-c0de-48a2-900a-389eb582a129,vendor.shop,premium,1107,1107,high,low,6,namesilo,,,02/10/2026 05:34
ac84184b-f2e6-4f76-b889-4290ce4cae98,stamina.shop,resell,,,high,low,7,,,,30/09/2026 18:50
3d0fe7ba-fd2f-441c-96fa-b35e80f43169,tux.shop,premium,1107,1107,high,low,3,namesilo,,,24/09/2026 01:52
c2112279-8bfb-4770-8447-ab835578b2bf,daw.shop,premium,2070.2,31.25,medium,low,3,spaceship,,,01/10/2026 19:05
5b520835-7cc5-45b5-80fa-672138a4e26c,salim.shop,premium,1107,1107,medium,low,5,namesilo,,,19/09/2026 04:37
5d6ee2ad-e76b-42f3-9c46-329ba75f055c,report.shop,premium,1035.2,1035.2,high,low,6,spaceship,,,30/09/2026 05:37
ee8781b0-76ca-4f12-a27a-814a71650cff,nsf.shop,premium,,,high,low,3,,,,28/09/2026 10:31
d04aad1a-d1f2-4ef6-831a-1b5fa0676d90,viewpoint.shop,resell,,,high,low,9,,,,29/09/2026 20:00
10fe29e3-732c-4451-8e6b-347fa6f17331,syracuse.shop,premium,109.69,109.69,high,low,8,porkbun,,,29/09/2026 20:20
b1c63aaf-44b4-4723-9247-f1f86a21438b,heavy.shop,premium,640,640,high,low,5,namesilo,,,22/09/2026 07:40
6f0e4de7-b291-44c2-ba74-bc3d912b49b6,nhtsa.shop,available,0.9,31.25,medium,low,5,spaceship,,,01/10/2026 07:59
a68abe57-ffa1-4702-b01e-0e367fc42405,apologetic.shop,available,0.98,48.98,medium,low,10,namecheap,,,06/08/2026 02:07
f134a718-9376-48f3-81f2-9abea7b5a17f,roasted.shop,premium,550,550,high,low,7,dynadot,,,27/09/2026 15:50
62a80220-c547-4092-aafe-304afd747968,teamwork.shop,premium,650,650,high,low,8,namecheap,,,30/09/2026 12:52
0158f37e-a33c-46e8-9693-9866c480c853,end.shop,premium,1107,1107,high,low,3,namesilo,,,19/09/2026 15:33
83ff022d-a66b-4f50-9f5c-db96e1e844f3,deportations.shop,available,0.9,31.25,low,low,12,spaceship,,,30/09/2026 16:17
349864b8-29e1-43c7-8e86-e5110e95f20a,allison.shop,premium,650,650,medium,low,7,namecheap,,,25/09/2026 17:48
f9fbe017-21a7-48ed-b282-d7e9e25436bf,rebound.shop,premium,640,640,high,low,7,namesilo,,,21/09/2026 15:40
32a981fb-1623-488f-98ff-283a5482443a,increasing.shop,premium,3250,3250,high,low,10,namecheap,,,25/09/2026 08:12
9e0eab9c-6639-4c03-a69a-4403b26e3e93,donna.shop,premium,1100,1100,high,low,5,dynadot,,,01/10/2026 01:47
2e2faaed-dd96-4e52-a84a-f558a05c4828,hornsby.shop,premium,1107,1107,medium,low,7,namesilo,,,01/10/2026 09:27
54bc93dc-f775-4729-b1a4-cbaf7e96a43e,mixed.shop,premium,1107,1107,medium,low,5,namesilo,,,19/09/2026 12:23
f4609070-b46c-4750-b5af-d33970203c31,baudelaire.shop,available,2.99,38.99,medium,low,10,namesilo,,,22/09/2026 16:35
17451761-9672-4b19-95f5-5ebb193d1d37,hook.shop,premium,650,650,high,low,4,namecheap,,,28/09/2026 18:24
0923710c-da62-4d3b-b750-c9af74c30f42,conclusive.shop,available,0.98,48.98,high,low,10,namecheap,,,23/09/2026 19:11
9dfdafd6-a2b2-4806-ba07-577c2acb6248,seminar.shop,premium,3450,3450,high,low,7,namesilo,,,28/09/2026 06:44
fa2042d2-396c-4b75-90bb-d6845b6d04eb,acetylene.shop,available,2.99,38.99,medium,low,9,namesilo,,,17/09/2026 00:22
b539a85e-5c17-4506-88c5-ebb4d337a59d,volcanoes.shop,available,30.2,30.2,medium,low,9,cloudflare,,,30/09/2026 15:37
333d2ffe-88f3-4565-9720-a5f7f3d82d7a,ticonderoga.shop,premium,258.95,258.95,medium,low,11,spaceship,,,30/09/2026 22:22
4aada964-a87d-4c58-b2cb-161e68271684,iss.shop,premium,2200,32.32,high,low,3,dynadot,,,27/09/2026 23:32
d8d92bf4-eefe-4761-898f-f65f8be8fa21,turret.shop,available,0.9,31.25,high,low,6,spaceship,,,01/10/2026 19:53
101c22ac-3074-44e6-943e-9d5721b13533,acrolein.shop,available,2.99,38.99,medium,low,8,namesilo,,,17/09/2026 03:46
940e147e-0480-4011-b87f-910015f89b38,northwest.shop,premium,1035.2,1035.2,medium,low,10,spaceship,,,28/09/2026 17:00
cb8cd9fb-337b-409f-a54f-d4995102397d,roomy.shop,premium,2660,35.4,high,low,5,namesilo,,,27/09/2026 16:14
5736a7bb-53e3-4302-8a34-1c336b075df6,killer.shop,premium,3250,3250,high,low,6,namecheap,,,24/09/2026 13:14
69bbc986-0fd3-475f-b897-cc8a3ce20114,acknowledged.shop,available,0.98,48.98,high,low,12,namecheap,,,01/10/2026 22:30
c260b927-31c7-422d-8a30-a1eec436958f,unmatched.shop,premium,650,650,high,low,9,namecheap,,,25/09/2026 17:47
c25c649a-42a1-4159-9a3b-97cbe0ace6b3,playoffs.shop,premium,258.95,258.95,medium,low,8,spaceship,,,30/09/2026 15:19
b9480c3c-7d64-4935-bd2d-2e428fac4be3,lodging.shop,premium,2587.7,2587.7,high,low,7,spaceship,,,30/09/2026 01:55
6b17cd58-95f3-4760-b604-9868cc45fed9,cyan.shop,premium,768,35.4,high,low,4,namesilo,,,22/09/2026 22:59
dd46af1b-5e91-483c-b92c-bfe10f7269d6,broker.shop,premium,1107,1107,high,low,6,namesilo,,,24/09/2026 10:40
db002159-270b-4e21-91b4-91f4775360a8,amperage.shop,premium,640,640,medium,low,8,namesilo,,,18/09/2026 23:07
1564d0c6-9cf1-4322-aad4-aac73dd26653,surprisingly.shop,available,30.2,30.2,medium,low,12,cloudflare,,,01/10/2026 23:15
601c67d2-f6a1-43f4-83f9-64e7b9c9a781,flank.shop,resell,,,medium,low,5,,,,28/09/2026 19:13
c14f9376-682b-4479-8d1e-810cfbff12ad,enroll.shop,premium,517.7,517.7,high,low,6,spaceship,,,30/09/2026 18:26
8801a90f-58ea-486a-a5b8-0c9420c48217,pamela.shop,premium,700,700,high,low,6,namecheap,,,
0715cf87-e540-4c70-a1ae-912691da20b7,plutonian.shop,available,0.98,48.98,medium,low,9,namecheap,,,20/08/2026 21:34
20aff833-a380-41fc-935c-55fbab78a4ce,hitter.shop,available,2.99,38.99,medium,low,6,namesilo,,,22/09/2026 14:18
0304f08d-408e-41fd-ba28-9fc4b7c6aab9,suggestions.shop,available,0.98,48.98,medium,low,11,namecheap,,,17/09/2026 12:49
a1a71692-d64a-4830-8e23-58d4d9f8c5ca,getting.shop,premium,2070.2,31.25,high,low,7,spaceship,,,28/09/2026 17:59
9824399d-dbfe-4880-bef4-c48c743e4df0,tory.shop,premium,640,640,high,low,4,namesilo,,,01/10/2026 21:59
ef5944ad-d8c1-4d5a-ae41-ad8bf720d0f1,coxa.shop,premium,640,640,medium,low,4,namesilo,,,20/09/2026 11:23
ae10a26b-fac4-41c7-8437-baf34eb83fb7,anyplace.shop,premium,130,130,medium,low,8,namecheap,,,13/09/2026 20:15
4eb6568a-6f7e-4c00-948f-87379c7f6081,clxx.shop,available,,,medium,low,4,,,,
755e684e-e203-403f-9bd7-656bed5f00fa,shang.shop,premium,103.7,103.7,medium,low,5,spaceship,,,28/09/2026 20:25
21b7c0a9-d3ac-47ae-b239-2c8a36d1d871,medallion.shop,resell,,,high,low,9,,,,30/09/2026 10:23
2e5e281e-0562-4102-844a-8434f3bbc5d0,brutality.shop,premium,1300,1300,medium,low,9,namecheap,,,22/09/2026 04:26
c0fd1f4d-666d-4ab7-99ea-aac1d0d64d1b,transport.shop,premium,1107,1107,high,low,9,namesilo,,,28/09/2026 08:14
14c9a898-b4b7-4c5a-8202-874e670fc919,gandhi.shop,premium,517.7,517.7,high,low,6,spaceship,,,29/09/2026 20:38
13101ee7-948f-4d32-abeb-d663ee76a657,caligula.shop,premium,302.5,302.5,medium,low,8,namesilo,,,02/10/2026 04:13
749c62ab-2135-4d31-9393-ca0b89177b7a,alongside.shop,resell,,,medium,low,9,Dynadot Inc.,29/03/2026 01:45,29/03/2027 23:59,13/09/2026 19:12
27c84cfe-608e-42cf-a9a9-c48f1935b22c,yan.shop,premium,2660,35.4,medium,low,3,namesilo,,,29/09/2026 04:27
edf680f8-864c-4b1e-a8ae-c0c0e7bace97,europa.shop,premium,650,650,high,low,6,namecheap,,,02/10/2026 04:45
2bcb1297-5737-4133-96d6-bc96426a9625,villa.shop,premium,,,medium,low,5,,,,29/09/2026 00:41
926691ac-91fe-4b26-90ca-36833b9c7774,sleeves.shop,resell,,,medium,low,7,,,,29/09/2026 10:37
6a9e4bb4-b4d4-494c-85fd-e81e35899cf9,gunpowder.shop,premium,258.95,258.95,medium,low,9,spaceship,,,29/09/2026 12:59
a0e53771-60b5-4efb-86ea-b00b11216173,taco.shop,resell,,,high,low,4,GoDaddy.com LLC,11/06/2017 16:47,11/06/2026 23:59,
a1d8f6ae-2618-4947-869b-bfdb5bb9f7ee,iis.shop,premium,2200,32.32,medium,low,3,dynadot,,,29/09/2026 19:14
05f3ca4e-401b-4b53-9f42-30a6d5413ac9,hud.shop,premium,2600,39,medium,low,3,namecheap,,,01/10/2026 19:14
5f518a99-d5a0-4727-9dfb-0091fec0add2,adage.shop,premium,640,640,medium,low,5,namesilo,,,17/09/2026 06:09
ad3d8cfd-84d7-430a-b41c-65afaefa7147,defection.shop,available,0.98,48.98,medium,low,9,namecheap,,,19/09/2026 19:16
8e0be0e4-6a29-4553-8bb4-c3288e750b92,sensitivity.shop,resell,,,high,low,11,,,,28/09/2026 12:30
7666c714-9d22-4b75-9492-d26b6be15534,budge.shop,premium,640,640,medium,low,5,namesilo,,,30/09/2026 16:30
e27aa812-a375-4fbc-94a3-27d9fd512178,hoboken.shop,premium,621.2,31.25,medium,low,7,spaceship,,,28/09/2026 12:26
4c16bbe4-8d30-453c-9b8b-d0cbfddc7915,except.shop,premium,517.7,517.7,high,low,6,spaceship,,,29/09/2026 13:57
024484f4-1c09-4b90-9b44-21b81cc90642,entrances.shop,available,2.99,38.99,low,low,9,namesilo,,,30/09/2026 07:42
ac0be114-34d9-4f95-bbd1-b80ab3dfa2bb,disapprove.shop,available,2.99,38.99,medium,low,10,namesilo,,,02/10/2026 06:43
e0ed7b22-2660-4e22-94dd-720df1ebc4b1,jessie.shop,premium,768,35.4,high,low,6,namesilo,,,25/09/2026 11:53
2af89de4-b35f-4dcd-b531-87666b11dfd5,senate.shop,premium,2660,35.4,medium,low,6,namesilo,,,28/09/2026 10:53
2918a887-80a5-47dc-9fe6-7e89443bdd88,browns.shop,premium,5458.82,5458.82,medium,low,6,porkbun,,,30/09/2026 00:26
e0b930e9-965f-4331-b262-dec8b7662fec,curiae.shop,available,0.9,31.25,low,low,6,spaceship,,,01/10/2026 17:28
5c4ba9fe-f0ff-451c-9c2a-6419c28c317f,wakening.shop,available,0.9,31.25,high,low,8,spaceship,,,28/09/2026 23:37
02a5e170-701c-4e55-9d34-96e0cbe9c406,weil.shop,premium,302.5,302.5,medium,low,4,namesilo,,,19/09/2026 04:20
d0dcfacd-717a-49a9-99c9-fb53efa70162,calvinism.shop,available,2.99,38.99,high,low,9,namesilo,,,30/09/2026 16:34
c78a776c-a4b3-433c-97d9-5362f1983f62,acts.shop,premium,2750,2750,high,low,4,dynadot,,,28/09/2026 18:10
d7fd18c6-2256-47f7-89c4-6129ce82aa0d,luciano.shop,premium,517.7,517.7,medium,low,7,spaceship,,,29/09/2026 05:56
aa02bc33-46da-4030-9b45-050ce31acba7,baruch.shop,resell,,,medium,low,6,,,,22/09/2026 09:33
7e58229c-f5ef-43f5-aed4-1121f8e7750e,resale.shop,premium,1035.2,1035.2,high,low,6,spaceship,,,02/10/2026 02:31
2fe6ec3c-5331-4a33-9964-74ff0b367e5f,published.shop,premium,116,116,high,low,9,namesilo,,,27/09/2026 07:35
bce6bf53-e54b-467a-a573-66df534ecbea,bathsheba.shop,available,2.99,38.99,medium,low,9,namesilo,,,22/09/2026 13:52
0b18a8c0-d1cc-493a-91bc-067dc16a0cf5,sedated.shop,available,0.98,48.98,low,low,7,namecheap,,,16/09/2026 18:04
f7d24ce8-c4ab-4f4a-a21e-60e5d7a91442,baseplate.shop,available,2.99,,medium,low,10,name.com,,,
648357b2-2b68-4181-8343-059c7d8556e5,turndown.shop,available,2.99,,medium,low,9,name.com,,,
5bd2d338-0aac-4b30-b309-238553b7c659,rested.shop,premium,517.7,517.7,high,low,6,spaceship,,,27/09/2026 12:50
f88b837b-ebe9-4331-a786-1169b31c9ceb,grit.shop,resell,,,high,low,4,,,,30/09/2026 17:31
0f4fcdd3-4d08-45ea-976b-4148d7483a8a,rand.shop,premium,640,640,high,low,4,namesilo,,,21/09/2026 10:39
8d1cf4f0-4f87-46cc-b2bb-aa5ca77bf1af,bellflower.shop,premium,302.5,302.5,medium,low,10,namesilo,,,23/09/2026 06:06
90a3c29f-6273-4be6-bc1b-f6d2a01a7eb9,daniela.shop,premium,517.7,517.7,medium,low,7,spaceship,,,02/10/2026 01:34
78621ce5-6f10-4902-8e99-87a3b61aac18,friends.shop,premium,1300,1300,high,medium,7,namecheap,,,22/09/2026 20:06
8a195abf-9776-46ad-9dfb-f0a298bb7f8e,beingness.shop,available,0.98,48.98,medium,low,9,namecheap,,,23/09/2026 04:19
0a629229-c5f8-4221-9d4d-eff1da7cce9d,diverted.shop,available,0.98,48.98,medium,low,8,namecheap,,,
b6e3ba43-c981-4130-989d-b75bc79d5bce,decade.shop,resell,,,high,low,6,,,,21/09/2026 10:56
09ada854-c744-41d2-b13b-c38577cde894,pim.shop,premium,2070.2,31.25,high,low,3,spaceship,,,30/09/2026 20:02
d42b8d28-1463-43c5-bc53-bc7da92b7965,leaps.shop,premium,302.5,302.5,medium,low,5,namesilo,,,02/10/2026 02:47
6e5b8a94-49b7-4dcc-8e49-b0181bf7b1fb,oem.shop,premium,,,high,low,3,,,,30/09/2026 11:44
0f4d9d93-7127-4ad7-aa12-e713e7dbdf1b,argyle.shop,premium,1107,1107,high,low,6,namesilo,,,20/09/2026 04:57
49b1669d-f0e2-425e-b741-6f71b90180e8,hack.shop,premium,2587.7,2587.7,high,medium,4,spaceship,,,28/09/2026 01:47
4e9b1057-3720-4fcf-a481-734d236dd9b1,haifa.shop,premium,550,550,high,low,5,dynadot,,,28/09/2026 02:03
9c98e55c-8e1d-48d6-befb-d67ab46fa8d7,spinoza.shop,resell,,,medium,low,7,,,,22/09/2026 09:34
da3a8b8a-f6b5-4df9-ace6-b9d340f38890,studios.shop,premium,650,650,medium,low,7,namecheap,,,18/09/2026 18:25
88352dbc-762e-4951-8bea-33e8daaa019e,parenthood.shop,resell,,,high,low,10,,,,30/09/2026 10:48
069d15b6-4b12-4bbf-9c43-f9e45ad762b0,dickinson.shop,premium,302.5,302.5,medium,low,9,namesilo,,,25/09/2026 04:53
75f6ada2-c6c6-4b30-a68e-255769df9342,cytokines.shop,available,0.9,31.25,low,low,9,spaceship,,,29/09/2026 06:01
96365379-be8b-4f12-9de3-8edc0cfd1abe,result.shop,premium,517.7,517.7,high,low,6,spaceship,,,29/09/2026 11:11
722b7dce-4560-456c-8e15-839e449a6ba5,termed.shop,available,2.99,38.99,medium,low,6,namesilo,,,19/09/2026 00:21
f30b66c2-275b-4db4-b06d-6301f8f02909,honolulu.shop,premium,6900,6900,medium,low,8,namesilo,,,29/09/2026 00:20
9d864787-3811-4c0f-a5a2-e22e0411b8c3,observe.shop,resell,,,high,low,7,,,,25/09/2026 23:53
d591ceb9-9669-42db-8001-57153d37ec1b,jigsaw.shop,premium,2660,35.4,high,low,6,namesilo,,,02/10/2026 04:58
1a9ac692-c798-4662-8ede-c9bd405f5542,asparagine.shop,available,0.98,48.98,medium,low,10,namecheap,,,20/09/2026 14:39
116e144d-17a8-4951-9d69-85211a65046d,carat.shop,premium,650,650,high,low,5,namecheap,,,24/09/2026 12:45
c697957b-6dc1-496e-9ad8-a0f512acd62c,clinic.shop,premium,640,640,high,low,6,namesilo,,,29/09/2026 10:07
472d3e85-673e-4ebd-baea-d6e82b75f41d,fbs.shop,premium,2660,35.4,high,low,3,namesilo,,,29/09/2026 22:15
db3dfa0a-161a-40f1-a2a7-38db60dc9bc1,romans.shop,premium,,,medium,low,6,,,,28/09/2026 19:05
26360714-1b17-4fbe-b2b1-3cd6f7539439,seals.shop,premium,700,700,high,low,5,namecheap,,,
c9ce6843-5038-47fe-bb49-e8a9f0c16afb,kelso.shop,premium,517.7,517.7,medium,low,5,spaceship,,,29/09/2026 22:10
a8c8ebad-03da-4cd6-b9a1-ee46348c71aa,retiring.shop,premium,546.35,546.35,high,low,8,porkbun,,,27/09/2026 13:20
25cc0937-d63e-40fd-88f7-6da6beec217e,baking.shop,premium,3450,3450,high,low,6,namesilo,,,22/09/2026 16:25
32219dde-868c-4b0e-8260-ad063b1659bf,acquirable.shop,available,0.98,48.98,medium,low,10,namecheap,,,
919c921c-b206-4058-9ddd-9ad945eeeee4,beechwood.shop,premium,312.5,312.5,medium,low,9,name.com,,,23/09/2026 00:14
27002d99-c00f-48e4-b0a8-a9d76c662af8,computing.shop,premium,1107,1107,high,low,9,namesilo,,,19/09/2026 12:12
0a53ca75-6bae-4639-92c7-38595084ff81,junction.shop,resell,,,high,low,8,"Spaceship, Inc.",21/02/2025 00:54,21/02/2027 23:59,01/10/2026 16:14
e11f7739-40fb-4c4e-8f12-04c5ee0f749c,sligo.shop,premium,650,650,medium,low,5,namecheap,,,30/09/2026 04:53
483f5bcf-5b3a-4d42-8116-b27c2b64a984,pugin.shop,available,2.99,38.99,medium,low,5,namesilo,,,21/09/2026 04:06
829691be-9427-465b-92ab-130ddcfdb180,pizarro.shop,available,2.06,31.41,medium,low,7,porkbun,,,30/09/2026 01:41
fe1ff047-1983-4267-a2e1-186dfd052cda,enthusiasm.shop,resell,,,high,low,10,,,,29/09/2026 17:36
6c18117a-1b94-4515-8898-2ec9db8add3b,mechanics.shop,premium,640,640,high,low,9,namesilo,,,01/10/2026 11:01
a7c5f7b4-8644-4446-8bed-0a044e624f0d,connolly.shop,resell,,,high,low,8,,,,25/09/2026 22:17
9a13cfdf-9bf6-4407-807c-a9e043b2fdd3,poughkeepsie.shop,premium,302.5,302.5,medium,low,12,namesilo,,,29/09/2026 04:37
e701c8b4-b875-4f03-af7e-ef0cd0273660,thuringia.shop,available,0.9,31.25,medium,low,9,spaceship,,,30/09/2026 03:01
b8241826-3c0c-4635-9379-4bfbc88df1f2,wager.shop,premium,2660,35.4,high,low,5,namesilo,,,23/09/2026 10:51
0dac1b2f-5426-48ac-a37c-a2fdcb2cdec8,adroit.shop,premium,325,325,high,low,6,namecheap,,,21/09/2026 19:49
879959a0-41b9-433f-818e-74d582dc8542,factories.shop,premium,6250,6250,medium,low,9,name.com,,,20/09/2026 05:09
d54f42e9-ac91-458a-9888-f1f09ff6b863,snails.shop,premium,,,medium,low,6,,,,29/09/2026 06:02
f10dc36d-5d09-4c02-a2df-f2088af77945,miri.shop,premium,640,640,high,low,4,namesilo,,,16/09/2026 16:35
3c9d7b70-c903-4bba-bab9-e257d5e78d1b,rfc.shop,premium,2660,35.4,high,low,3,namesilo,,,27/09/2026 06:31
f4087a3a-15f0-46a3-bdc4-29c5634b5e04,guayaquil.shop,premium,258.95,258.95,medium,low,9,spaceship,,,30/09/2026 01:48
9a61db0c-db8c-4610-846e-e44b9372f542,fuego.shop,resell,,,high,low,5,,,,30/09/2026 09:50
2fd424ef-d52f-44bd-8541-4aeecfb5aba5,assort.shop,available,0.98,48.98,high,low,6,namecheap,,,17/09/2026 14:23
c2e8f224-8beb-439b-badc-d25a6c6dc501,founding.shop,premium,258.95,258.95,high,low,8,spaceship,,,29/09/2026 18:56
98952e21-445a-4397-bf52-3dda3a28a1ea,embryo.shop,premium,302.5,302.5,high,low,6,namesilo,,,30/09/2026 16:45
f44fece5-2506-45bc-a6d0-d58a90c8285c,accurately.shop,available,2.99,38.99,high,low,10,namesilo,,,28/09/2026 11:42
a6cc2a3a-f3a3-43d3-82e3-4ee83bed7137,jenkins.shop,premium,2600,39,high,low,7,namecheap,,,25/09/2026 12:14
0c71ff6e-3657-4696-b756-25b14e8bfa4d,fencing.shop,resell,,,high,low,7,,,,29/09/2026 00:54
ecbb98c6-4cf6-450c-94cf-c02f6814886c,prepares.shop,available,30.2,30.2,medium,low,8,cloudflare,,,30/09/2026 16:00
21a1aafc-e1f1-4bfd-9711-0a6b7630c7f5,kurds.shop,available,0.9,31.25,medium,low,5,spaceship,,,28/09/2026 05:10
61bb69a8-fedf-4d54-a54e-a4f4092da9d3,areal.shop,available,,,medium,low,5,,,,
ec2d20d0-a71e-485f-a666-e459e21c9700,brookes.shop,resell,,,medium,low,7,,,,30/09/2026 22:15
9fb3bd80-d7f7-463b-8de2-4a217015c66d,majors.shop,premium,2660,35.4,high,low,6,namesilo,,,23/09/2026 14:46
da6a8abc-2073-45a0-85a6-0e9f4b55a7fc,paxton.shop,premium,302.5,302.5,medium,low,6,namesilo,,,28/09/2026 14:39
09b2f3e7-edec-4575-9b9f-bf0a21281598,suspicions.shop,available,2.99,38.99,low,low,10,namesilo,,,18/09/2026 08:04
61590520-2fdb-446d-aeef-727f857cffdc,captured.shop,resell,,,medium,low,8,,,,27/09/2026 02:07
4d17518b-ee02-44e3-a3af-d7bcbe1516bb,khz.shop,premium,2600,39,high,low,3,namecheap,,,25/09/2026 08:09
6e316696-5b9f-4cfb-8b72-0187b2e8994c,mosque.shop,premium,2600,39,high,low,6,namecheap,,,30/09/2026 05:18
51858367-12e7-49a3-b1e7-eb7594bcb347,scully.shop,premium,546.35,546.35,medium,low,6,porkbun,,,28/09/2026 11:43
155bb8dc-6fce-44ea-9d92-ad5bc21fd65e,heroes.shop,premium,3450,3450,high,low,6,namesilo,,,17/09/2026 22:48
96140cc3-ffee-4b46-be78-278e32f1fef5,lucca.shop,premium,302.5,302.5,medium,low,5,namesilo,,,29/09/2026 21:45
186dd865-33d6-4d54-9514-dbdaf811a302,bifocals.shop,available,0.98,48.98,medium,low,8,namecheap,,,23/09/2026 13:53
38e93816-bf2d-4618-b698-b6bbdf2aae75,algid.shop,available,0.98,48.98,medium,low,5,namecheap,,,
e069a054-1aeb-4c7e-b876-00ffbf695bc5,astronomical.shop,premium,116,116,high,low,12,namesilo,,,29/09/2026 14:28
14f07589-be08-4b96-bd8a-f035b43876cd,tales.shop,premium,640,640,high,low,5,namesilo,,,18/09/2026 16:46
813cad0e-a830-4a61-9a90-c1a4c9e5d999,recaptured.shop,available,0.98,48.98,low,low,10,namecheap,,,18/09/2026 19:20
65e0dff4-9e7e-4bbd-af11-53637f640781,ilx.shop,premium,2500,59.99,medium,low,3,name.com,,,
00e823bc-fcf0-4781-b0c0-aefca9b634e1,bleep.shop,resell,,,high,low,5,,,,23/09/2026 01:26
05173f1a-1fc0-42ba-8d71-be694cc728a3,moral.shop,premium,650,650,high,low,5,namecheap,,,25/09/2026 21:40
749a7ee0-6439-42a4-b756-18fcbe091418,transplant.shop,premium,517.7,517.7,high,low,10,spaceship,,,28/09/2026 02:03
803181a4-2f74-4c08-b72d-b59f965a2933,belfry.shop,available,0.98,48.98,medium,low,6,namecheap,,,23/09/2026 04:56
1ecfbbce-0e6a-4b0d-8c8a-1e7922906f90,transmissions.shop,premium,,,medium,low,13,,,,29/09/2026 17:50
0c82f1c0-9771-47a9-ae0a-1be1e0e262c9,disappears.shop,available,0.9,31.25,low,low,10,spaceship,,,28/09/2026 13:25
0dc64fa3-d508-437d-88ba-428662b6f9e4,exposition.shop,resell,,,high,low,10,,,,29/09/2026 18:50
06a4095b-88e9-43f9-a20d-b1797eea4171,automation.shop,premium,116,116,high,medium,10,namesilo,,,02/10/2026 03:50
d6973126-13a8-4f00-9db1-a5c50b4a8cd4,cuthbert.shop,premium,302.5,302.5,medium,low,8,namesilo,,,29/09/2026 03:58
560ab6ed-51e0-44ab-ab55-33e3999e1d8d,motorist.shop,premium,640,640,medium,low,8,namesilo,,,21/09/2026 07:26
da3a49f6-56bf-4ef6-b7cf-abc10f8c9fb9,school.shop,premium,5175.2,5175.2,high,low,6,spaceship,,,30/09/2026 20:48
ead7e2ac-e38c-4e10-a0fa-3770d3dc7fdf,antler.shop,resell,,,medium,low,6,,,,19/09/2026 15:20
8ce35ed1-cc33-43f6-a1a4-15984bcc352b,figurative.shop,available,2.99,38.99,medium,low,10,namesilo,,,19/09/2026 14:22
cb3af126-5050-45d9-8566-9e4a29a7481b,flummox.shop,available,2.99,38.99,medium,low,7,namesilo,,,21/09/2026 17:31
c7dd6c03-b9c6-421d-a1e6-2e69783f358b,cip.shop,premium,,,high,low,3,,,,30/09/2026 21:07
d7942532-4f39-4b13-ae67-be12cb3d8c62,billet.shop,premium,302.5,302.5,medium,low,6,namesilo,,,23/09/2026 10:14
6ebde8e2-aade-4209-8170-34f332d80e31,abreast.shop,available,2.99,59.99,medium,low,7,name.com,,,
e3852940-85d1-4c41-b1dc-0aee2229bbb2,evolution.shop,premium,,,high,medium,9,,,,28/09/2026 01:52
b2cb316b-ece9-4934-bdc9-b2412f5284cd,advice.shop,premium,517.7,517.7,high,low,6,spaceship,,,28/09/2026 19:02
8c548df6-1f9f-4e86-83ea-80b335b2a595,rubbed.shop,available,0.98,48.98,medium,low,6,namecheap,,,17/09/2026 07:54
c55ab930-9c07-408c-b8ae-483684edb215,ascesis.shop,available,0.98,48.98,medium,low,7,namecheap,,,20/09/2026 13:10
631efe38-ac83-4fa4-b859-a86fefd95824,artefact.shop,resell,,,high,low,8,,,,20/09/2026 10:07
79677319-3220-404d-8b56-04841a13fc33,weaknesses.shop,available,0.98,48.98,low,low,10,namecheap,,,29/09/2026 17:45
a0a73eec-3b2b-4500-84ad-d453f6bdda4e,madame.shop,premium,,,high,low,6,,,,28/09/2026 06:18
713ad949-26ba-413d-8830-09beef8c8010,savior.shop,premium,302.5,302.5,high,low,6,namesilo,,,24/09/2026 14:49
6d206ce7-061a-4071-be7d-d44b09892726,sessions.shop,premium,2587.7,2587.7,high,low,8,spaceship,,,28/09/2026 03:02
c9a17a07-6fdf-484c-9266-b3d58a357707,gina.shop,premium,,,medium,low,4,,,,27/09/2026 17:32
39fea99a-34cb-4e00-be5e-5ef46d54e9e7,outrage.shop,premium,275,275,medium,low,7,dynadot,,,28/09/2026 10:08
0c3d0070-d44b-4f58-a445-65f13657f676,merkel.shop,resell,,,medium,low,6,,,,30/09/2026 05:16
95965abf-49aa-41c2-9c50-a6deb9dbd8af,cotton.shop,premium,517.7,517.7,high,low,6,spaceship,,,29/09/2026 11:45
06f40bff-3a80-42fb-8ac3-b53b91614d25,cool.shop,premium,6900,6900,high,medium,4,namesilo,,,23/09/2026 23:02
e06a6947-3a06-4a6b-a2c9-38bafc09095e,abramis.shop,available,2.99,38.99,medium,low,7,namesilo,,,16/09/2026 16:53
f833109f-98d7-4883-922f-a97a84f4eb1a,scandium.shop,premium,325,325,medium,low,8,namecheap,,,20/09/2026 22:34
2ac55936-5744-4c85-9f62-0cccaf88acd8,kicks.shop,premium,640,640,high,low,5,namesilo,,,18/09/2026 05:38
7dddd6b6-3341-48e4-9102-a84dceb862a0,terrain.shop,premium,517.7,517.7,high,low,7,spaceship,,,28/09/2026 20:36
d0fccd5f-14c2-42ae-a239-65429386178d,diligence.shop,premium,273.44,273.44,high,low,9,porkbun,,,29/09/2026 14:59
71e5e05a-7361-4b24-a8ad-8c4de0d1b479,bede.shop,premium,640,640,high,low,4,namesilo,,,21/09/2026 17:17
3874a25b-1b48-4e15-8660-3045259a855f,ratio.shop,resell,,,high,low,5,,,,28/09/2026 15:13
286cbaca-e40a-4f5c-b7b3-9138130ab2f1,adaptable.shop,resell,,,high,low,9,Dynadot Inc.,17/05/2026 00:54,17/05/2027 23:59,21/09/2026 09:00
b0f9674c-8797-4add-adb1-65ad951b1ecb,normally.shop,available,2.99,38.99,medium,low,8,namesilo,,,28/09/2026 14:10
df2b0d1a-9fe3-4923-92e7-49b164da966b,marker.shop,premium,1035.2,1035.2,high,low,6,spaceship,,,28/09/2026 06:21
25f39163-2ff5-49bf-a6ea-2b26bfa54d3b,catania.shop,premium,517.7,517.7,medium,low,7,spaceship,,,29/09/2026 23:03
b31e0a3a-93bb-4a84-9a25-e99fdf6c1133,patriotism.shop,premium,650,650,high,low,10,namecheap,,,30/09/2026 05:24
5f6f9d36-3b45-49f0-8c43-f7ab66dee77d,researched.shop,available,0.98,48.98,medium,low,10,namecheap,,,01/10/2026 00:58
469667f6-5bfa-4601-8c0e-12fee5cdaf90,books.shop,premium,6900,6900,high,medium,5,namesilo,,,17/09/2026 07:04
b1da303d-4260-4a9a-a4a3-fe904cc1c61f,hyderabad.shop,premium,1107,1107,medium,low,9,namesilo,,,28/09/2026 14:29
741f54bd-d7a1-4fd1-b52d-10068590f547,gouty.shop,available,0.98,48.98,medium,low,5,namecheap,,,20/08/2026 17:18
aa57a61c-a8f4-45ea-8c9c-78e83f0e803e,airing.shop,available,2.99,38.99,high,low,6,namesilo,,,17/09/2026 23:12
d824799b-a13c-4178-aa42-2bc936144019,nabokov.shop,available,0.9,31.25,medium,low,7,spaceship,,,01/10/2026 21:08
575a33bb-5754-4d80-b5de-db3f0fee6c61,begin.shop,resell,,,high,low,5,"Spaceship, Inc.",12/12/2021 00:18,12/12/2026 23:59,
052a7bad-50ef-43d7-8652-75de51cbc713,leed.shop,premium,517.7,517.7,high,low,4,spaceship,,,30/09/2026 20:18
aa963b48-bd0e-4598-9ba7-f8f377859dda,grounded.shop,premium,640,640,high,low,8,namesilo,,,27/09/2026 06:36
1bc4f267-39a7-47ad-a84f-d20ed761f98b,scorpion.shop,premium,3450,3450,high,low,8,namesilo,,,30/09/2026 02:48
98b8bc1f-021d-4ba8-84dd-e713d22efb8f,bothering.shop,available,0.9,31.25,medium,low,9,spaceship,,,29/09/2026 21:27
c8ff9e27-6f14-4892-a1a2-dd9cc12cc8db,scramble.shop,premium,768,35.4,high,low,8,namesilo,,,24/09/2026 15:13
9dd11ffa-de28-45ac-86cb-4d1742200898,dunedin.shop,premium,258.95,258.95,medium,low,7,spaceship,,,29/09/2026 03:53
b3270958-4dda-4ea5-9df5-ad5bbc381109,term.shop,premium,2070.2,31.25,high,low,4,spaceship,,,29/09/2026 20:09
9506b2f0-01cd-42b3-a36f-ab28bb398db6,wbc.shop,premium,,,high,low,3,,,,28/09/2026 14:41
cfabb4fd-95ea-41f8-a155-44d843781f8d,andy.shop,premium,650,650,high,medium,4,namecheap,,,25/09/2026 12:45
04cc17f6-20e5-4515-bf36-ef8871ab4089,rogue.shop,premium,3125,,high,low,5,name.com,,,30/09/2026 01:40
4cea7fed-b9a8-4faa-bf3f-e5e4ab626fed,backgammon.shop,premium,302.5,302.5,high,low,10,namesilo,,,21/09/2026 15:34
5e79b3b3-9ac5-4577-bc92-ce6bb978deae,amble.shop,resell,,,medium,low,5,,,,18/09/2026 16:54
c179da7b-504d-4856-8070-49b139525fb8,crossing.shop,premium,640,640,high,low,8,namesilo,,,27/09/2026 03:30
a6d8efdc-2de3-438c-93e0-26b8dcbaa2bc,patio.shop,premium,640,640,high,low,5,namesilo,,,29/09/2026 13:40
e4758376-118d-47ec-94e2-481a74f88d0d,queenstown.shop,premium,,,medium,low,10,,,,02/10/2026 00:46
b92326d8-9df1-4a3d-a923-628913d9ea6d,moonfish.shop,available,0.98,48.98,medium,low,8,namecheap,,,20/09/2026 21:37
60a6e790-1bbe-4111-a2d3-6890377ed163,soundly.shop,resell,,,medium,low,7,,,,16/09/2026 05:34
955172a1-4adc-4b6d-9a62-5c44a7ff5db0,intrigued.shop,available,2.99,38.99,low,low,9,namesilo,,,30/09/2026 00:46
5c5a2cd7-f49d-43a0-ba87-034b640c7a53,chirp.shop,premium,302.5,302.5,high,low,5,namesilo,,,24/09/2026 14:08
ffd6c06c-5a22-4dcb-bb46-7c8aa4b48884,abrachia.shop,available,2.99,38.99,low,low,8,namesilo,,,16/09/2026 16:47
a3a9865f-badc-4186-9e8e-0b2fc2ff146d,him.shop,premium,2660,35.4,high,low,3,namesilo,,,30/09/2026 22:23
977020bb-4f99-4ca7-9181-809f499a6cb3,labor.shop,premium,640,640,high,low,5,namesilo,,,28/09/2026 07:28
96a5a680-4775-4504-a582-f07e6e83a169,statistical.shop,premium,,,high,low,11,,,,29/09/2026 14:29
b57ce61f-464c-42ee-8991-98063a3cb50f,columnist.shop,premium,2200,32.32,high,low,9,dynadot,,,29/09/2026 11:55
e08bfed7-3508-42a7-8fdf-3043b6bce466,activase.shop,available,2.99,38.99,medium,low,8,namesilo,,,17/09/2026 05:09
724b4d20-b892-42f6-9ca3-c238748064ae,sensationally.shop,available,2.99,38.99,medium,low,13,namesilo,,,02/10/2026 00:06
0cc9d5d5-49f0-450c-85a3-071c6fb98748,qaeda.shop,available,2.99,38.99,medium,low,5,namesilo,,,18/09/2026 00:59
02f2da78-b2e1-487b-8b69-490e7eaaf43b,ambulant.shop,available,0.98,48.98,medium,low,8,namecheap,,,
b64af71a-60a2-4c43-a6b9-9ba9f7b1a3ab,kong.shop,premium,650,650,high,low,4,namecheap,,,25/09/2026 12:08
aa68286f-e507-4f1e-98db-a3ef5684dfae,describing.shop,available,2.99,38.99,low,low,10,namesilo,,,29/09/2026 04:44
c78de74d-7956-4cd7-9563-5b61df8a81ce,involves.shop,available,2.99,38.99,medium,low,8,namesilo,,,19/09/2026 23:56
5b2bf7e9-0d57-4bf3-a245-1693c4d2f448,jeb.shop,premium,2660,35.4,high,low,3,namesilo,,,02/10/2026 00:04
49a62da9-8e39-4993-91f1-416ba1c42f01,rama.shop,premium,,,medium,low,4,,,,27/09/2026 15:30
5c9915b9-53fd-4449-ab3a-850e1ee2ad5e,tatar.shop,premium,640,640,high,low,5,namesilo,,,29/09/2026 01:41
0dd83486-88ca-4fb0-97b0-4d0e6419f21e,aesthesia.shop,available,2.99,38.99,medium,low,9,namesilo,,,17/09/2026 13:26
b263d83d-d1b0-4e7d-b78e-6bcfe31148e1,pak.shop,premium,2660,35.4,high,low,3,namesilo,,,28/09/2026 03:33
a7607af9-54ac-4c40-bac2-23c287fd770c,einstein.shop,premium,517.7,517.7,high,low,8,spaceship,,,28/09/2026 20:04
6e9fb744-44e0-4d3a-8152-601c87049279,conjunction.shop,available,2.99,,high,low,11,name.com,,,
ae61e1b1-cd83-4e86-9f0d-bff649cbd7c5,tcr.shop,premium,2070.2,31.25,high,low,3,spaceship,,,30/09/2026 05:05
09b2a1cc-3ad1-4c27-9e30-57f5790d08a4,debbie.shop,premium,640,640,medium,low,6,namesilo,,,27/09/2026 07:32
e0be1074-9f4e-4074-ba44-d65f2f40ebe4,arras.shop,premium,640,640,medium,low,5,namesilo,,,20/09/2026 08:49
c4fb1148-71e7-4656-8ab4-c9652902b4a6,ailey.shop,available,0.98,48.98,medium,low,5,namecheap,,,17/09/2026 21:12
6b8c0fcb-3147-48bc-9177-749baaef6fa7,abduction.shop,available,2.99,38.99,medium,low,9,namesilo,,,16/09/2026 14:51
4135d200-6f37-4cdd-b836-2c98faf82a4f,agrigento.shop,available,2.99,38.99,medium,low,9,namesilo,,,17/09/2026 02:44
3fe2b600-00bf-4180-811e-da4b6a26b13b,bandwagon.shop,resell,,,high,low,9,,,,22/09/2026 01:35
dc51d554-e08d-4771-861b-bc0fb920c431,dancers.shop,premium,1107,1107,medium,low,7,namesilo,,,20/09/2026 05:50
d3e0f1b2-74a4-47a1-a627-4bd7d7d12f76,disgrace.shop,available,2.06,31.41,high,low,8,porkbun,,,29/09/2026 15:44
4f6a6fb7-50cc-4d75-8173-15c0c48bdf30,paley.shop,available,2.99,38.99,medium,low,5,namesilo,,,29/09/2026 15:50
4d9442cb-8a24-48ad-885a-47a074cf5eab,consist.shop,premium,258.95,258.95,high,low,7,spaceship,,,30/09/2026 17:36
3061da53-32bc-442f-895b-696f9275ad76,shadows.shop,premium,640,640,medium,low,7,namesilo,,,18/09/2026 03:26
77e2c040-85b8-402f-b9e0-31e25abfbb51,thus.shop,resell,,,high,low,4,Dynadot Inc.,26/01/2026 00:53,26/01/2027 23:59,
292fdd70-6d79-48a4-a742-01c004afed47,manuscripts.shop,premium,103.7,103.7,medium,low,11,spaceship,,,01/10/2026 13:13
b9da353a-1e5b-420b-b6ad-bb14dd345fb5,lusaka.shop,premium,640,640,medium,low,6,namesilo,,,24/09/2026 12:35